Time,Day_of_week,Age_band_of_driver,Sex_of_driver,Educational_level,Vehicle_driver_relation,Driving_experience,Type_of_vehicle,Owner_of_vehicle,Service_year_of_vehicle,Defect_of_vehicle,Area_accident_occured,Lanes_or_Medians,Road_allignment,Types_of_Junction,Road_surface_type,Road_surface_conditions,Light_conditions,Weather_conditions,Type_of_collision,Number_of_vehicles_involved,Number_of_casualties,Vehicle_movement,Casualty_class,Sex_of_casualty,Age_band_of_casualty,Casualty_severity,Work_of_casuality,Fitness_of_casuality,Pedestrian_movement,Cause_of_accident,Accident_severity
17:04:00,Saturday,Under 18,Male,Junior high school,Employee,2-5yr,Lorry (41-100Q),Owner,5-10yrs,No defect,Other,other,Tangent road with flat terrain,No junction,Asphalt roads,Dry,Daylight,Normal,Vehicle with vehicle collision,2,1,Going straight,Passenger,Female,Under 18,3,Driver,Normal,Not a Pedestrian,No distancing,Slight Injury
16:20:00,Sunday,31-50,Unknown,Junior high school,Employee,Above 10yr,Lorry (41-100Q),Owner,Above 10yr,No defect,Other,Undivided Two way,Tangent road with flat terrain,Y Shape,Asphalt roads,Dry,Daylight,Normal,Vehicle with vehicle collision,1,2,Going straight,Passenger,Female,Under 18,3,Other,Normal,Not a Pedestrian,Changing lane to the right,Slight Injury
16:20:00,Sunday,31-50,Male,Junior high school,Employee,5-10yr,Public (12 seats),Owner,Above 10yr,No defect, Church areas,other,Tangent road with flat terrain,Y Shape,Asphalt roads,Dry,Daylight,Normal,Vehicle with vehicle collision,1,2,Going straight,Unknown,Unknown,Unknown,Unknown,Driver,Normal,Not a Pedestrian,Changing lane to the right,Slight Injury
16:02:00,Thursday,31-50,Male,High school,Employee,1-2yr,Public (> 45 seats),Owner,Unknown,No defect,Office areas,Two-way (divided with broken lines road marking),Tangent road with flat terrain,Y Shape,Asphalt roads,Dry,Daylight,Normal,Vehicle with vehicle collision,1,3,Going straight,Unknown,Unknown,Unknown,Unknown,Self-employed,Normal,Not a Pedestrian,Driving at high speed,Slight Injury
16:02:00,Thursday,31-50,Male,Elementary school,Employee,5-10yr,Automobile,Owner,Unknown,No defect,Other,Two-way (divided with broken lines road marking),Tangent road with flat terrain,Y Shape,Asphalt roads,Dry,Daylight,Normal,Vehicle with vehicle collision,1,3,Unknown,Unknown,Unknown,Unknown,Unknown,Driver,Normal,Not a Pedestrian,No distancing,Slight Injury
16:02:00,Thursday,31-50,Male,Elementary school,Employee,2-5yr,Pick up upto 10Q,Owner,Unknown,No defect,Office areas,Two-way (divided with broken lines road marking),Tangent road with mild grade and flat terrain,Y Shape,Asphalt roads,Dry,Daylight,Normal,Collision with roadside objects,1,3,Going straight,Driver or rider,Male,18-30,3,Driver,Normal,Not a Pedestrian,Changing lane to the right,Slight Injury
15:44:00,Thursday,18-30,Male,Junior high school,Employee,Below 1yr,Stationwagen,Owner,Unknown,No defect,Office areas,Two-way (divided with broken lines road marking),Tangent road with flat terrain,Crossing,Asphalt roads,Dry,Daylight,Normal,Vehicle with vehicle collision,1,2,Reversing,Passenger,Male,18-30,3,Unknown,Unknown,Not a Pedestrian,Changing lane to the left,Slight Injury
15:44:00,Thursday,18-30,Male,Junior high school,Employee,Below 1yr,Other,Owner,Above 10yr,No defect,Office areas,Two-way (divided with broken lines road marking),Sharp reverse curve,Crossing,Asphalt roads,Dry,Daylight,Normal,Vehicle with vehicle collision,1,2,Going straight,Pedestrian,Female,Under 18,3,Driver,Normal,Crossing from driver's nearside,Getting off the vehicle improperly,Slight Injury
18:26:00,Thursday,31-50,Male,Junior high school,Employee,5-10yr,Unknown,Owner,Above 10yr,No defect, Church areas,Undivided Two way,Sharp reverse curve,No junction,Asphalt roads,Dry,Daylight,Normal,Vehicle with vehicle collision,2,1,Going straight,Driver or rider,Female,31-50,3,Driver,Normal,Not a Pedestrian,Other,Slight Injury
18:26:00,Thursday,18-30,Male,Junior high school,Owner,5-10yr,Automobile,Owner,Above 10yr,No defect,Office areas,Undivided Two way,Gentle horizontal curve,No junction,Asphalt roads,Dry,Daylight,Normal,Vehicle with vehicle collision,2,1,Going straight,Unknown,Unknown,Unknown,Unknown,Unknown,Unknown,Not a Pedestrian,Other,Slight Injury
23:45:00,Thursday,31-50,Male,Elementary school,Employee,1-2yr,Stationwagen,Owner,5-10yrs,No defect,Other,Double carriageway (median),Gentle horizontal curve,Crossing,Asphalt roads,Dry,Darkness - lights lit,Normal,Rollover,2,1,Going straight,Unknown,Unknown,Unknown,Unknown,Unknown,Unknown,Not a Pedestrian,No distancing,Slight Injury
23:45:00,Thursday,31-50,Male,Junior high school,Employee,Unknown,Pick up upto 10Q,Owner,Unknown,Unknown,Other,Two-way (divided with broken lines road marking),Tangent road with flat terrain,Crossing,Asphalt roads,Dry,Darkness - lights lit,Normal,Vehicle with vehicle collision,2,1,Going straight,Driver or rider,Male,31-50,3,Driver,Normal,Not a Pedestrian,No priority to vehicle,Slight Injury
18:24:00,Friday,31-50,Male,Elementary school,Employee,Above 10yr,Lorry (41-100Q),Owner,5-10yrs,No defect, Church areas,Unknown,Tangent road with mountainous terrain and,No junction,Asphalt roads with some distress,Dry,Daylight,Normal,Vehicle with vehicle collision,2,1,Going straight,Passenger,Female,Under 18,3,Driver,Normal,Not a Pedestrian,Overtaking,Slight Injury
18:24:00,Friday,Unknown,Male,Junior high school,Owner,1-2yr,Automobile,Owner,1-2yr,Unknown,School areas,Undivided Two way,Tangent road with flat terrain,No junction,Asphalt roads,Dry,Daylight,Normal,Collision with roadside objects,2,1,Other,Unknown,Unknown,Unknown,Unknown,Unknown,Unknown,Not a Pedestrian,No priority to pedestrian,Slight Injury
14:30:00,Monday,31-50,Male,Unknown,Unknown,Unknown,Unknown,Unknown,Unknown,Unknown, Church areas,Two-way (divided with broken lines road marking),Tangent road with flat terrain,Crossing,Asphalt roads,Dry,Daylight,Normal,Vehicle with vehicle collision,2,1,Moving Backward,Driver or rider,Male,31-50,3,Unknown,Unknown,Not a Pedestrian,No distancing,Slight Injury
14:30:00,Monday,Unknown,Male,Junior high school,Employee,Above 10yr,Lorry (41-100Q),Owner,Above 10yr,Unknown,Office areas,Undivided Two way,Tangent road with flat terrain,Crossing,Asphalt roads,Dry,Daylight,Normal,Vehicle with vehicle collision,2,1,Other,Pedestrian,Female,18-30,2,Driver,Normal,Crossing from driver's nearside,Changing lane to the right,Slight Injury
7:46:00,Friday,31-50,Male,Elementary school,Owner,2-5yr,Lorry (41-100Q),Owner,2-5yrs,No defect,Other,other,Tangent road with flat terrain,Crossing,Asphalt roads,Dry,Daylight,Normal,Vehicle with vehicle collision,2,1,Going straight,Pedestrian,Female,Under 18,3,Driver,Normal,Not a Pedestrian,Driving carelessly,Slight Injury
7:46:00,Friday,Unknown,Male,Junior high school,Employee,5-10yr,Lorry (41-100Q),Owner,Above 10yr,Unknown, Church areas,Two-way (divided with broken lines road marking),Steep grade upward with mountainous terrain,Crossing,Gravel roads,Dry,Daylight,Normal,Collision with roadside objects,2,1,Going straight,Driver or rider,Male,18-30,3,Unknown,Unknown,Not a Pedestrian,Changing lane to the right,Slight Injury
9:47:00,Wednesday,31-50,Male,Junior high school,Employee,Below 1yr,Pick up upto 10Q,Governmental,1-2yr,No defect,Other,Double carriageway (median),Tangent road with flat terrain,Crossing,Asphalt roads,Dry,Daylight,Normal,Collision with roadside objects,1,1,Going straight,Passenger,Male,18-30,3,Unknown,Unknown,Not a Pedestrian,Overtaking,Serious Injury
8:12:00,Wednesday,31-50,Male,Junior high school,Employee,5-10yr,Pick up upto 10Q,Governmental,Above 10yr,Unknown,Other,Double carriageway (median),Tangent road with flat terrain,No junction,Asphalt roads,Dry,Daylight,Normal,Vehicle with vehicle collision,1,1,Other,Driver or rider,Female,31-50,3,Driver,Normal,Not a Pedestrian,Other,Slight Injury
7:50:00,Wednesday,31-50,Male,High school,Employee,Above 10yr,Automobile,Organization,5-10yrs,No defect,Office areas,Two-way (divided with broken lines road marking),Gentle horizontal curve,Crossing,Asphalt roads,Wet or damp,Daylight,Raining,Vehicle with vehicle collision,2,1,Going straight,Unknown,Unknown,Unknown,Unknown,Driver,Normal,Not a Pedestrian,Driving to the left,Slight Injury
7:50:00,Wednesday,18-30,Male,Junior high school,Employee,5-10yr,Other,Organization,Above 10yr,No defect,Other,Two-way (divided with broken lines road marking),Tangent road with flat terrain,Crossing,Asphalt roads,Wet or damp,Daylight,Raining,Collision with roadside objects,2,1,Unknown,Unknown,Unknown,Unknown,Unknown,Unknown,Unknown,Not a Pedestrian,Driving at high speed,Slight Injury
21:00:00,Wednesday,31-50,Unknown,Elementary school,Employee,1-2yr,Unknown,Owner,2-5yrs,No defect,Other,Two-way (divided with broken lines road marking),Tangent road with flat terrain,Y Shape,Asphalt roads,Dry,Darkness - lights lit,Normal,Collision with roadside objects,2,1,Going straight,Driver or rider,Male,31-50,3,Driver,Unknown,Not a Pedestrian,Unknown,Slight Injury
21:00:00,Wednesday,Unknown,Female,Junior high school,Employee,Unknown,Automobile,Governmental,Unknown,No defect,Residential areas,Two-way (divided with broken lines road marking),Tangent road with flat terrain,Y Shape,Asphalt roads,Dry,Darkness - lights lit,Normal,Vehicle with vehicle collision,2,1,Going straight,Unknown,Unknown,Unknown,Unknown,Driver,Normal,Not a Pedestrian,Changing lane to the right,Slight Injury
8:05:00,Thursday,31-50,Male,Above high school,Employee,1-2yr,Automobile,Owner,Above 10yr,No defect,Residential areas,Unknown,Tangent road with flat terrain,Crossing,Asphalt roads,Dry,Daylight,Normal,Collision with pedestrians,2,1,Going straight,Driver or rider,Male,18-30,3,Student,Normal,Not a Pedestrian,No distancing,Slight Injury
8:05:00,Thursday,31-50,Male,Junior high school,Employee,Above 10yr,Public (> 45 seats),Owner,5-10yrs,No defect,Office areas,Undivided Two way,Tangent road with flat terrain,Crossing,Asphalt roads,Dry,Daylight,Normal,Vehicle with vehicle collision,2,1,Going straight,Driver or rider,Male,18-30,3,Unknown,Unknown,Not a Pedestrian,Other,Slight Injury
14:50:00,Thursday,18-30,Male,Junior high school,Employee,1-2yr,Lorry (41-100Q),Owner,Unknown,No defect,  Recreational areas,other,Unknown,Crossing,Asphalt roads,Dry,Daylight,Normal,Vehicle with vehicle collision,2,1,Moving Backward,Driver or rider,Female,18-30,3,Unknown,Unknown,Not a Pedestrian,No priority to vehicle,Slight Injury
14:50:00,Thursday,31-50,Male,Junior high school,Employee,5-10yr,Public (> 45 seats),Governmental,Unknown,No defect,Office areas,other,Tangent road with mild grade and flat terrain,Crossing,Earth roads,Dry,Daylight,Normal,Vehicle with vehicle collision,2,1,Moving Backward,Driver or rider,Female,Over 51,2,Unknown,Normal,Not a Pedestrian,Changing lane to the left,Slight Injury
12:26:00,Friday,18-30,Male,Junior high school,Employee,2-5yr,Unknown,Owner,5-10yrs,No defect, Industrial areas,other,Tangent road with flat terrain,Y Shape,Asphalt roads,Dry,Daylight,Normal,Vehicle with vehicle collision,1,1,Going straight,Passenger,Male,Over 51,3,Driver,Normal,Not a Pedestrian,No priority to pedestrian,Slight Injury
15:15:00,Friday,31-50,Male,Unknown,Unknown,Unknown,Unknown,Unknown,Unknown,Unknown,Unknown,Unknown,Unknown,No junction,Unknown,Dry,Daylight,Normal,Vehicle with vehicle collision,2,1,Going straight,Pedestrian,Male,Under 18,3,Driver,Normal,Crossing from offside - masked by  parked or statioNot a Pedestrianry vehicle,Overtaking,Slight Injury
15:15:00,Friday,18-30,Male,Junior high school,Employee,2-5yr,Automobile,Owner,Unknown,No defect,Residential areas,Undivided Two way,Tangent road with flat terrain,No junction,Unknown,Dry,Daylight,Normal,Collision with roadside objects,2,1,Turnover,Pedestrian,Male,Under 18,2,Unknown,Unknown,Not a Pedestrian,Driving carelessly,Slight Injury
20:50:00,Friday,Over 51,Male,Junior high school,Employee,2-5yr,Automobile,Governmental,Above 10yr,No defect,Residential areas,other,Tangent road with flat terrain,Y Shape,Asphalt roads,Dry,Darkness - lights lit,Normal,Collision with roadside objects,1,1,Going straight,Unknown,Unknown,Unknown,Unknown,Unknown,Unknown,Not a Pedestrian,No priority to vehicle,Serious Injury
8:25:00,Saturday,31-50,Male,Junior high school,Employee,Above 10yr,Lorry (41-100Q),Owner,1-2yr,No defect, Industrial areas,other,Tangent road with flat terrain,No junction,Earth roads,Dry,Daylight,Normal,Vehicle with vehicle collision,2,1,Going straight,Passenger,Female,31-50,3,Unknown,Unknown,Not a Pedestrian,No priority to pedestrian,Serious Injury
8:25:00,Saturday,31-50,Male,Junior high school,Employee,1-2yr,Automobile,Owner,2-5yrs,No defect,Residential areas,Undivided Two way,Tangent road with flat terrain,No junction,Asphalt roads,Dry,Daylight,Normal,Vehicle with vehicle collision,2,1,Going straight,Unknown,Unknown,Unknown,Unknown,Unknown,Unknown,Not a Pedestrian,Changing lane to the right,Serious Injury
16:30:00,Saturday,18-30,Male,Above high school,Owner,1-2yr,Public (13?45 seats),Owner,Unknown,No defect,Residential areas,other,Tangent road with flat terrain,Crossing,Asphalt roads,Dry,Daylight,Normal,Vehicle with vehicle collision,1,1,Going straight,Driver or rider,Female,31-50,3,Driver,Normal,Not a Pedestrian,Driving carelessly,Slight Injury
15:20:00,Sunday,31-50,Male,Above high school,Employee,No Licence,Automobile,Owner,Unknown,No defect,Office areas,Undivided Two way,Tangent road with flat terrain,Y Shape,Earth roads,Dry,Daylight,Normal,Vehicle with vehicle collision,2,1,Going straight,Unknown,Unknown,Unknown,Unknown,Driver,Normal,Not a Pedestrian,Changing lane to the right,Slight Injury
15:20:00,Sunday,18-30,Male,Junior high school,Employee,1-2yr,Public (> 45 seats),Owner,2-5yrs,No defect,Office areas,Double carriageway (median),Escarpments,Y Shape,Asphalt roads,Dry,Daylight,Normal,Vehicle with vehicle collision,2,1,Going straight,Driver or rider,Male,31-50,3,Driver,Normal,Not a Pedestrian,Changing lane to the right,Slight Injury
20:40:00,Tuesday,31-50,Male,Junior high school,Employee,5-10yr,Lorry (41-100Q),Owner,Above 10yr,No defect,Office areas,other,Tangent road with flat terrain,Crossing,Asphalt roads,Dry,Darkness - lights lit,Normal,Vehicle with vehicle collision,2,1,Going straight,Pedestrian,Female,Over 51,2,Other,Normal,Crossing from nearside - masked by parked or statioNot a Pedestrianry vehicle,Changing lane to the left,Slight Injury
20:40:00,Tuesday,Under 18,Male,Junior high school,Employee,Above 10yr,Automobile,Owner,1-2yr,No defect,Office areas,Undivided Two way,Escarpments,Crossing,Asphalt roads,Dry,Darkness - lights lit,Normal,Vehicle with vehicle collision,2,1,Going straight,Unknown,Unknown,Unknown,Unknown,Driver,Normal,Not a Pedestrian,Overturning,Slight Injury
13:42:00,Wednesday,Unknown,Male,Junior high school,Employee,Above 10yr,Lorry (11?40Q),Owner,Unknown,No defect,Office areas,One way,Tangent road with flat terrain,Y Shape,Asphalt roads,Dry,Daylight,Normal,Vehicle with vehicle collision,1,1,Unknown,Driver or rider,Male,18-30,3,Unknown,Unknown,Not a Pedestrian,Driving carelessly,Slight Injury
10:23:00,Wednesday,31-50,Male,Junior high school,Owner,5-10yr,Public (13?45 seats),Owner,Unknown,No defect,Office areas,Undivided Two way,Tangent road with flat terrain,Y Shape,Asphalt roads,Dry,Daylight,Normal,Vehicle with vehicle collision,1,1,Other,Pedestrian,Female,Over 51,3,Driver,Normal,Unknown or other,No distancing,Serious Injury
18:15:00,Thursday,31-50,Male,Elementary school,Employee,2-5yr,Public (13?45 seats),Owner,Unknown,No defect,Office areas,other,Tangent road with flat terrain,Y Shape,Asphalt roads,Dry,Daylight,Normal,Vehicle with vehicle collision,2,1,Getting off,Unknown,Unknown,Unknown,Unknown,Driver,Normal,Not a Pedestrian,Driving carelessly,Slight Injury
18:15:00,Thursday,Unknown,Male,Junior high school,Employee,2-5yr,Unknown,Owner,Above 10yr,No defect,Residential areas,other,Tangent road with flat terrain,Y Shape,Asphalt roads,Dry,Daylight,Normal,Other,2,1,Going straight,Driver or rider,Male,Over 51,2,Unemployed,Normal,Not a Pedestrian,Changing lane to the left,Slight Injury
4:05:00,Saturday,31-50,Male,Junior high school,Employee,Below 1yr,Long lorry,Owner,5-10yrs,No defect,Residential areas,One way,Tangent road with flat terrain,No junction,Asphalt roads,Dry,Darkness - lights lit,Normal,Vehicle with vehicle collision,2,2,Going straight,Passenger,Female,Under 18,3,Driver,Normal,Not a Pedestrian,No priority to vehicle,Slight Injury
4:05:00,Saturday,18-30,Male,Junior high school,Employee,2-5yr,Lorry (41-100Q),Owner,Unknown,No defect,Other,One way,Tangent road with flat terrain,No junction,Asphalt roads,Dry,Darkness - lights lit,Normal,Collision with roadside objects,2,2,Going straight,Passenger,Female,Under 18,3,Driver,Normal,Not a Pedestrian,Changing lane to the right,Slight Injury
13:45:00,Sunday,31-50,Male,Junior high school,Employee,2-5yr,Lorry (11?40Q),Owner,5-10yrs,No defect, Church areas,Undivided Two way,Tangent road with flat terrain,Y Shape,Asphalt roads,Wet or damp,Daylight,Raining,Vehicle with vehicle collision,1,1,Other,Unknown,Unknown,Unknown,Unknown,Driver,Normal,Not a Pedestrian,No distancing,Slight Injury
7:42:00,Thursday,Over 51,Male,Elementary school,Employee,5-10yr,Lorry (41-100Q),Owner,Unknown,No defect,  Recreational areas,other,Tangent road with flat terrain,Y Shape,Asphalt roads,Dry,Daylight,Normal,Vehicle with vehicle collision,2,1,Going straight,Driver or rider,Male,31-50,3,Driver,Normal,Not a Pedestrian,Moving Backward,Slight Injury
7:42:00,Thursday,18-30,Male,Junior high school,Employee,Above 10yr,Public (12 seats),Owner,Unknown,Unknown, Industrial areas,Undivided Two way,Tangent road with flat terrain,Y Shape,Asphalt roads,Dry,Daylight,Normal,Vehicle with vehicle collision,2,1,Moving Backward,Unknown,Unknown,Unknown,Unknown,Employee,Normal,Not a Pedestrian,Moving Backward,Slight Injury
23:19:00,Friday,18-30,Male,Unknown,Unknown,Unknown,Unknown,Unknown,Unknown,Unknown,Residential areas,other,Unknown,Y Shape,Asphalt roads with some distress,Dry,Darkness - lights lit,Normal,Vehicle with vehicle collision,2,1,Other,Pedestrian,Female,31-50,3,Driver,Normal,Unknown or other,No distancing,Slight Injury
23:19:00,Friday,Unknown,Male,Junior high school,Employee,2-5yr,Taxi,Owner,Above 10yr,No defect,Residential areas,other,Tangent road with rolling terrain,Y Shape,Asphalt roads,Dry,Darkness - lights lit,Normal,Vehicle with vehicle collision,2,1,Going straight,Unknown,Unknown,Unknown,Unknown,Self-employed,Normal,Not a Pedestrian,No distancing,Slight Injury
17:43:00,Friday,31-50,Male,Junior high school,Employee,5-10yr,Unknown,Owner,2-5yrs,No defect,Office areas,Double carriageway (median),Tangent road with flat terrain,Crossing,Asphalt roads,Dry,Daylight,Normal,Vehicle with vehicle collision,2,2,Going straight,Driver or rider,Female,31-50,3,Driver,Normal,Not a Pedestrian,No distancing,Slight Injury
17:43:00,Friday,18-30,Male,Above high school,Employee,2-5yr,Automobile,Owner,2-5yrs,No defect,  Market areas,Undivided Two way,Tangent road with flat terrain,Crossing,Asphalt roads,Dry,Daylight,Normal,Collision with roadside objects,2,2,Going straight,Pedestrian,Male,Under 18,2,Driver,Normal,Crossing from nearside - masked by parked or statioNot a Pedestrianry vehicle,No priority to pedestrian,Slight Injury
17:43:00,Friday,18-30,Male,Unknown,Unknown,Unknown,Unknown,Unknown,Unknown,Unknown,Unknown,other,Tangent road with flat terrain,Crossing,Asphalt roads,Dry,Daylight,Normal,Collision with roadside objects,2,2,Unknown,Unknown,Unknown,Unknown,Unknown,Unknown,Unknown,Not a Pedestrian,Driving carelessly,Slight Injury
15:45:00,Thursday,18-30,Male,Unknown,Employee,1-2yr,Lorry (41-100Q),Owner,Unknown,No defect, Industrial areas,other,Tangent road with flat terrain,No junction,Asphalt roads,Dry,Daylight,Normal,Vehicle with vehicle collision,2,1,Going straight,Driver or rider,Male,31-50,3,Driver,Normal,Not a Pedestrian,Changing lane to the right,Serious Injury
15:45:00,Thursday,Unknown,Male,Junior high school,Employee,2-5yr,Automobile,Owner,Unknown,No defect,Residential areas,Two-way (divided with solid lines road marking),Tangent road with flat terrain,No junction,Asphalt roads,Dry,Daylight,Normal,Collision with roadside objects,2,1,Going straight,Passenger,Female,31-50,3,Unknown,Unknown,Not a Pedestrian,Changing lane to the left,Serious Injury
19:30:00,Saturday,18-30,Male,Junior high school,Employee,Above 10yr,Automobile,Governmental,Below 1yr,No defect,Residential areas,Undivided Two way,Tangent road with flat terrain,No junction,Asphalt roads,Dry,Daylight,Normal,Collision with roadside objects,2,1,Going straight,Driver or rider,Male,18-30,3,Unknown,Unknown,Not a Pedestrian,Driving carelessly,Slight Injury
19:30:00,Saturday,Unknown,Male,Junior high school,Employee,Below 1yr,Lorry (41-100Q),Owner,5-10yrs,No defect,Other,Undivided Two way,Tangent road with flat terrain,No junction,Asphalt roads,Dry,Daylight,Normal,Vehicle with vehicle collision,2,1,Going straight,Unknown,Unknown,Unknown,Unknown,Unknown,Normal,Not a Pedestrian,Driving carelessly,Slight Injury
18:30:00,Saturday,Unknown,Unknown,Junior high school,Employee,2-5yr,Automobile,Governmental,Unknown,No defect,Residential areas,other,Tangent road with flat terrain,Y Shape,Asphalt roads,Dry,Daylight,Normal,Vehicle with vehicle collision,2,1,Going straight,Unknown,Unknown,Unknown,Unknown,Driver,Normal,Not a Pedestrian,No distancing,Slight Injury
18:30:00,Saturday,18-30,Male,Junior high school,Employee,Below 1yr,Automobile,Owner,1-2yr,No defect,Rural village areas,Undivided Two way,Gentle horizontal curve,Y Shape,Asphalt roads,Dry,Daylight,Normal,Collision with roadside objects,2,1,Going straight,Driver or rider,Male,31-50,3,Driver,Normal,Not a Pedestrian,Other,Slight Injury
15:20:00,Wednesday,31-50,Male,High school,Employee,5-10yr,Automobile,Owner,2-5yrs,No defect,Rural village areas,Undivided Two way,Gentle horizontal curve,Y Shape,Asphalt roads,Dry,Daylight,Normal,Vehicle with vehicle collision,1,1,Going straight,Unknown,Unknown,Unknown,Unknown,Driver,Normal,Not a Pedestrian,Changing lane to the right,Slight Injury
13:35:00,Wednesday,18-30,Male,Above high school,Employee,1-2yr,Taxi,Owner,Unknown,No defect,Office areas,Double carriageway (median),Tangent road with flat terrain,Y Shape,Asphalt roads,Dry,Daylight,Normal,Vehicle with vehicle collision,2,1,Going straight,Driver or rider,Male,31-50,3,Driver,Normal,Not a Pedestrian,Changing lane to the right,Slight Injury
13:35:00,Wednesday,18-30,Male,Junior high school,Employee,Below 1yr,Unknown,Owner,2-5yrs,No defect,Residential areas,Undivided Two way,Gentle horizontal curve,Y Shape,Asphalt roads,Dry,Daylight,Normal,Vehicle with vehicle collision,2,1,Going straight,Unknown,Unknown,Unknown,Unknown,Driver,Normal,Not a Pedestrian,No distancing,Slight Injury
19:32:00,Tuesday,18-30,Male,Unknown,Unknown,Unknown,Unknown,Owner,Unknown,Unknown,Residential areas,other,Tangent road with flat terrain,Y Shape,Asphalt roads,Dry,Darkness - lights lit,Normal,Vehicle with vehicle collision,2,1,Going straight,Pedestrian,Male,Under 18,3,Driver,Normal,Crossing from offside - masked by  parked or statioNot a Pedestrianry vehicle,No distancing,Slight Injury
19:32:00,Tuesday,18-30,Male,High school,Employee,Below 1yr,Automobile,Owner,Unknown,7, Outside rural areas,other,Tangent road with flat terrain,Y Shape,Asphalt roads,Dry,Darkness - lights lit,Normal,Vehicle with vehicle collision,2,1,Going straight,Pedestrian,Male,Under 18,3,Employee,Normal,Not a Pedestrian,Overturning,Slight Injury
22:45:00,Wednesday,31-50,Male,High school,Employee,Below 1yr,Pick up upto 10Q,Owner,Above 10yr,Unknown,Residential areas,other,Tangent road with flat terrain,Y Shape,Asphalt roads,Dry,Darkness - lights lit,Normal,Vehicle with vehicle collision,2,1,Unknown,Unknown,Unknown,Unknown,Unknown,Unknown,Normal,Not a Pedestrian,Driving at high speed,Slight Injury
22:45:00,Wednesday,Unknown,Male,Unknown,Unknown,Unknown,Unknown,Owner,5-10yrs,5, Church areas,other,Tangent road with flat terrain,Y Shape,Asphalt roads,Dry,Darkness - lights lit,Normal,Collision with pedestrians,2,1,Going straight,Driver or rider,Male,18-30,3,Driver,Normal,Not a Pedestrian,No priority to vehicle,Slight Injury
15:15:00,Monday,Under 18,Male,High school,Employee,2-5yr,Automobile,Owner,Unknown,No defect,Office areas,Undivided Two way,Tangent road with flat terrain,Y Shape,Asphalt roads,Dry,Daylight,Normal,Vehicle with vehicle collision,2,1,Going straight,Driver or rider,Male,18-30,3,Unknown,Unknown,Not a Pedestrian,No priority to pedestrian,Slight Injury
15:15:00,Monday,Unknown,Unknown,Junior high school,Employee,Above 10yr,Public (12 seats),Owner,Unknown,No defect,Office areas,Two-way (divided with broken lines road marking),Tangent road with mountainous terrain and,Y Shape,Asphalt roads,Dry,Daylight,Normal,Collision with roadside objects,2,1,Going straight,Passenger,Female,18-30,3,Self-employed,Normal,Not a Pedestrian,No priority to vehicle,Slight Injury
14:55:00,Tuesday,31-50,Male,Junior high school,Employee,Above 10yr,Public (13?45 seats),Governmental,Unknown,No defect,Office areas,Two-way (divided with broken lines road marking),Escarpments,Crossing,Gravel roads,Dry,Daylight,Normal,Vehicle with vehicle collision,2,1,Going straight,Unknown,Unknown,Unknown,Unknown,Unknown,Unknown,Not a Pedestrian,Other,Slight Injury
14:55:00,Tuesday,Unknown,Male,Junior high school,Employee,5-10yr,Lorry (11?40Q),Owner,2-5yrs,Unknown,Other,Undivided Two way,Tangent road with mountainous terrain and,Crossing,Asphalt roads,Dry,Daylight,Normal,Vehicle with vehicle collision,2,1,Turnover,Driver or rider,Male,31-50,3,Self-employed,Normal,Not a Pedestrian,Other,Slight Injury
7:40:00,Sunday,Over 51,Male,Junior high school,Employee,1-2yr,Stationwagen,Owner,2-5yrs,Unknown,Other,Undivided Two way,Tangent road with flat terrain,Y Shape,Asphalt roads,Dry,Daylight,Normal,Vehicle with vehicle collision,2,1,Moving Backward,Passenger,Female,18-30,3,Unknown,Unknown,Not a Pedestrian,Moving Backward,Slight Injury
7:40:00,Sunday,31-50,Male,Unknown,Employee,Below 1yr,Ridden horse,Owner,Unknown,No defect,Residential areas,Two-way (divided with broken lines road marking),Tangent road with flat terrain,Y Shape,Asphalt roads,Dry,Daylight,Normal,Vehicle with vehicle collision,2,1,Going straight,Pedestrian,Female,31-50,3,Self-employed,Normal,Unknown or other,No distancing,Slight Injury
10:49:00,Sunday,Unknown,Male,Junior high school,Employee,Below 1yr,Stationwagen,Owner,Unknown,Unknown,Other,Two-way (divided with broken lines road marking),Tangent road with flat terrain,Y Shape,Asphalt roads,Dry,Daylight,Normal,Vehicle with vehicle collision,2,1,Going straight,Driver or rider,Female,31-50,3,Unknown,Unknown,Not a Pedestrian,Moving Backward,Slight Injury
10:49:00,Sunday,31-50,Male,High school,Employee,2-5yr,Automobile,Owner,Below 1yr,Unknown,Other,Undivided Two way,Tangent road with mild grade and flat terrain,Y Shape,Asphalt roads,Dry,Daylight,Normal,Vehicle with vehicle collision,2,1,Moving Backward,Passenger,Female,Over 51,3,Unknown,Unknown,Not a Pedestrian,No priority to vehicle,Slight Injury
5:57:00,Friday,31-50,Male,Junior high school,Owner,1-2yr,Automobile,Owner,5-10yrs,Unknown,Other,Two-way (divided with broken lines road marking),Tangent road with flat terrain,Crossing,Asphalt roads,Wet or damp,Darkness - lights lit,Raining,Vehicle with vehicle collision,2,3,Going straight,Unknown,Unknown,Unknown,Unknown,Self-employed,Normal,Not a Pedestrian,Driving carelessly,Slight Injury
5:57:00,Friday,31-50,Male,Junior high school,Employee,5-10yr,Other,Governmental,5-10yrs,No defect,Other,Undivided Two way,Tangent road with flat terrain,Crossing,Asphalt roads,Wet or damp,Darkness - lights lit,Raining,Vehicle with vehicle collision,2,3,Moving Backward,Driver or rider,Male,18-30,3,Employee,Normal,Not a Pedestrian,No distancing,Slight Injury