Time,Day_of_week,Age_band_of_driver,Sex_of_driver,Educational_level,Vehicle_driver_relation,Driving_experience,Type_of_vehicle,Owner_of_vehicle,Service_year_of_vehicle,Defect_of_vehicle,Area_accident_occured,Lanes_or_Medians,Road_allignment,Types_of_Junction,Road_surface_type,Road_surface_conditions,Light_conditions,Weather_conditions,Type_of_collision,Number_of_vehicles_involved,Number_of_casualties,Vehicle_movement,Casualty_class,Sex_of_casualty,Age_band_of_casualty,Casualty_severity,Work_of_casuality,Fitness_of_casuality,Pedestrian_movement,Cause_of_accident,Accident_severity
10:30:00,Saturday,Unknown,Male,Elementary school,Employee,2-5yr,Public (> 45 seats),Owner,1-2yr,No defect, Industrial areas,other,Tangent road with flat terrain,No junction,Asphalt roads,Dry,Daylight,Normal,Vehicle with vehicle collision,1,1,Getting off,Unknown,Unknown,Unknown,Unknown,Employee,Normal,Not a Pedestrian,Changing lane to the left,Slight Injury
18:20:00,Wednesday,18-30,Male,Junior high school,Employee,2-5yr,Stationwagen,Owner,2-5yrs,No defect,Residential areas,Undivided Two way,Tangent road with flat terrain,Y Shape,Gravel roads,Dry,Daylight,Unknown,Vehicle with vehicle collision,2,1,Reversing,Driver or rider,Female,31-50,2,Employee,Normal,Not a Pedestrian,Driving carelessly,Slight Injury
18:20:00,Wednesday,Over 51,Male,Junior high school,Employee,Above 10yr,Unknown,Owner,Unknown,No defect,Residential areas,other,Tangent road with flat terrain,Y Shape,Asphalt roads,Dry,Daylight,Unknown,Vehicle with vehicle collision,2,1,Turnover,Unknown,Unknown,Unknown,Unknown,Driver,Normal,Not a Pedestrian,Driving carelessly,Slight Injury
16:00:00,Tuesday,Unknown,Male,Junior high school,Employee,2-5yr,Lorry (41-100Q),Owner,Unknown,No defect,Office areas,Undivided Two way,Tangent road with flat terrain,No junction,Asphalt roads,Dry,Daylight,Normal,Collision with pedestrians,1,1,Moving Backward,Driver or rider,Female,18-30,3,Driver,Normal,Not a Pedestrian,No distancing,Slight Injury
17:52:00,Saturday,18-30,Male,Junior high school,Owner,Below 1yr,Stationwagen,Owner,2-5yrs,No defect,Office areas,Double carriageway (median),Escarpments,Y Shape,Asphalt roads,Dry,Daylight,Normal,Vehicle with vehicle collision,2,2,Going straight,Unknown,Unknown,Unknown,Unknown,Student,Normal,Not a Pedestrian,Other,Slight Injury
17:52:00,Saturday,31-50,Male,Junior high school,Employee,2-5yr,Lorry (41-100Q),Owner,Above 10yr,No defect,Office areas,other,Tangent road with flat terrain,Y Shape,Other,Dry,Daylight,Normal,Vehicle with vehicle collision,2,2,Going straight,Driver or rider,Female,31-50,3,Driver,Normal,Not a Pedestrian,Changing lane to the right,Slight Injury
15:15:00,Friday,18-30,Male,Junior high school,Employee,Above 10yr,Public (12 seats),Owner,1-2yr,No defect,Office areas,Undivided Two way,Escarpments,Y Shape,Asphalt roads,Dry,Daylight,Normal,Vehicle with vehicle collision,2,1,Going straight,Unknown,Unknown,Unknown,Unknown,Self-employed,Normal,Not a Pedestrian,Changing lane to the right,Slight Injury
15:15:00,Friday,31-50,Male,Junior high school,Employee,2-5yr,Lorry (41-100Q),Owner,Unknown,No defect,Office areas,One way,Tangent road with flat terrain,Y Shape,Other,Dry,Daylight,Normal,Vehicle with vehicle collision,2,1,Going straight,Driver or rider,Male,18-30,3,Unknown,Unknown,Not a Pedestrian,No distancing,Slight Injury
6:16:00,Friday,31-50,Male,Elementary school,Employee,Above 10yr,Other,Owner,Unknown,No defect,Office areas,Undivided Two way,Tangent road with flat terrain,Y Shape,Asphalt roads,Dry,Daylight,Normal,Collision with roadside objects,2,1,Reversing,Unknown,Unknown,Unknown,Unknown,Unknown,Unknown,Not a Pedestrian,No distancing,Slight Injury
6:16:00,Friday,18-30,Male,Elementary school,Employee,Above 10yr,Stationwagen,Owner,Unknown,No defect,Office areas,other,Tangent road with flat terrain,Y Shape,Asphalt roads,Dry,Daylight,Normal,Vehicle with vehicle collision,2,1,Going straight,Pedestrian,Female,Over 51,2,Driver,Normal,Unknown or other,Overturning,Slight Injury
7:45:00,Monday,18-30,Male,Elementary school,Other,Above 10yr,Automobile,Owner,Above 10yr,No defect,Residential areas,other,Tangent road with flat terrain,Crossing,Asphalt roads,Dry,Daylight,Normal,Vehicle with vehicle collision,2,1,Going straight,Unknown,Unknown,Unknown,Unknown,Driver,Normal,Not a Pedestrian,Driving at high speed,Slight Injury
7:45:00,Monday,31-50,Male,Junior high school,Employee,Above 10yr,Public (> 45 seats),Owner,5-10yrs,No defect,Residential areas,One way,Tangent road with flat terrain,Crossing,Asphalt roads,Dry,Daylight,Normal,Vehicle with vehicle collision,2,1,Going straight,Driver or rider,Male,18-30,3,Driver,Normal,Not a Pedestrian,No priority to vehicle,Slight Injury
17:35:00,Friday,31-50,Male,Junior high school,Employee,Below 1yr,Other,Owner,Unknown,No defect,Other,One way,Tangent road with flat terrain,Y Shape,Asphalt roads,Dry,Daylight,Normal,Vehicle with vehicle collision,1,1,Going straight,Unknown,Unknown,Unknown,Unknown,Driver,Normal,Not a Pedestrian,No priority to pedestrian,Slight Injury
17:50:00,Friday,31-50,Male,Elementary school,Employee,5-10yr,Lorry (41-100Q),Owner,5-10yrs,No defect, Church areas,Undivided Two way,Tangent road with flat terrain,No junction,Asphalt roads,Dry,Daylight,Normal,Collision with roadside objects,2,1,Getting off,Driver or rider,Male,Over 51,3,Unknown,Unknown,Not a Pedestrian,No priority to vehicle,Slight Injury
17:50:00,Friday,Unknown,Male,Junior high school,Employee,2-5yr,Automobile,Owner,Unknown,No defect,  Recreational areas,other,Tangent road with flat terrain,No junction,Asphalt roads,Dry,Daylight,Normal,Vehicle with vehicle collision,2,1,Going straight,Pedestrian,Female,Over 51,2,Driver,Normal,Crossing from driver's nearside,Other,Slight Injury
7:05:00,Wednesday,Unknown,Female,Junior high school,Employee,Above 10yr,Public (> 45 seats),Owner,Unknown,Unknown, Industrial areas,Undivided Two way,Tangent road with flat terrain,Y Shape,Asphalt roads,Dry,Daylight,Normal,Vehicle with vehicle collision,1,1,Going straight,Unknown,Unknown,Unknown,Unknown,Self-employed,Normal,Not a Pedestrian,Other,Slight Injury
20:21:00,Friday,18-30,Male,Junior high school,Employee,Below 1yr,Unknown,Unknown,Unknown,Unknown,Residential areas,other,Unknown,Y Shape,Asphalt roads,Dry,Daylight,Normal,Vehicle with vehicle collision,2,1,Going straight,Driver or rider,Female,31-50,3,Self-employed,Normal,Not a Pedestrian,Moving Backward,Serious Injury
20:21:00,Friday,Over 51,Male,Junior high school,Owner,2-5yr,Automobile,Owner,Above 10yr,No defect,Residential areas,other,Tangent road with rolling terrain,Y Shape,Asphalt roads,Dry,Daylight,Normal,Vehicle with vehicle collision,2,1,Going straight,Driver or rider,Female,18-30,3,Self-employed,Normal,Not a Pedestrian,No distancing,Serious Injury
8:05:00,Thursday,18-30,Male,Junior high school,Employee,Above 10yr,Pick up upto 10Q,Owner,2-5yrs,No defect,Office areas,Double carriageway (median),Tangent road with flat terrain,Crossing,Asphalt roads,Dry,Daylight,Normal,Vehicle with vehicle collision,2,1,Reversing,Driver or rider,Female,31-50,3,Driver,Normal,Not a Pedestrian,Moving Backward,Slight Injury
8:05:00,Thursday,18-30,Male,Writing & reading,Employee,2-5yr,Public (12 seats),Owner,2-5yrs,No defect,  Market areas,Undivided Two way,Tangent road with flat terrain,Crossing,Asphalt roads,Dry,Daylight,Normal,Vehicle with vehicle collision,2,1,Moving Backward,Driver or rider,Female,18-30,3,Other,Normal,Not a Pedestrian,No priority to vehicle,Slight Injury
17:00:00,Sunday,31-50,Male,Junior high school,Employee,2-5yr,Lorry (41-100Q),Unknown,Unknown,Unknown,Unknown,other,Tangent road with flat terrain,Crossing,Asphalt roads,Dry,Daylight,Normal,Vehicle with vehicle collision,1,2,Going straight,Passenger,Male,Under 18,3,Unknown,Unknown,Not a Pedestrian,Driving carelessly,Slight Injury
17:00:00,Sunday,31-50,Male,High school,Employee,2-5yr,Lorry (41-100Q),Owner,Unknown,No defect, Industrial areas,other,Tangent road with flat terrain,Crossing,Asphalt roads,Dry,Daylight,Normal,Vehicle with vehicle collision,1,2,Going straight,Driver or rider,Male,Under 18,3,Self-employed,Normal,Not a Pedestrian,No distancing,Slight Injury
8:45:00,Sunday,18-30,Male,Junior high school,Employee,1-2yr,Lorry (41-100Q),Owner,Unknown,No defect,Residential areas,Two-way (divided with solid lines road marking),Tangent road with flat terrain,Y Shape,Asphalt roads,Dry,Daylight,Normal,Vehicle with vehicle collision,1,1,Going straight,Passenger,Male,Under 18,3,Other,Normal,Not a Pedestrian,Other,Slight Injury
8:48:00,Wednesday,Over 51,Male,High school,Employee,5-10yr,Public (13?45 seats),Governmental,Below 1yr,No defect,Residential areas,Undivided Two way,Tangent road with flat terrain,Y Shape,Asphalt roads,Dry,Daylight,Normal,Vehicle with vehicle collision,1,1,Going straight,Driver or rider,Female,Under 18,3,Unknown,Unknown,Not a Pedestrian,Changing lane to the right,Slight Injury
9:50:00,Tuesday,18-30,Male,Elementary school,Employee,2-5yr,Lorry (41-100Q),Owner,5-10yrs,No defect,Other,Undivided Two way,Tangent road with flat terrain,Unknown,Asphalt roads,Dry,Daylight,Normal,Vehicle with vehicle collision,2,1,Going straight,Unknown,Unknown,Unknown,Unknown,Unknown,Unknown,Not a Pedestrian,No distancing,Slight Injury
9:50:00,Tuesday,31-50,Male,Junior high school,Employee,1-2yr,Lorry (41-100Q),Governmental,Unknown,No defect,Residential areas,other,Tangent road with flat terrain,Unknown,Asphalt roads,Dry,Daylight,Normal,Collision with roadside objects,2,1,Going straight,Driver or rider,Female,31-50,2,Driver,Normal,Not a Pedestrian,Driving carelessly,Slight Injury
12:30:00,Monday,31-50,Male,Elementary school,Employee,1-2yr,Motorcycle,Owner,1-2yr,No defect,Rural village areas,Undivided Two way,Gentle horizontal curve,Y Shape,Asphalt roads,Dry,Daylight,Normal,Collision with roadside objects,3,1,Turnover,Unknown,Unknown,Unknown,Unknown,Unknown,Unknown,Not a Pedestrian,No distancing,Slight Injury
12:30:00,Monday,Unknown,Male,High school,Employee,No Licence,Lorry (41-100Q),Owner,2-5yrs,No defect,Rural village areas,Undivided Two way,Gentle horizontal curve,Y Shape,Asphalt roads,Dry,Daylight,Normal,Collision with roadside objects,3,1,Going straight,Unknown,Unknown,Unknown,Unknown,Driver,Normal,Not a Pedestrian,No priority to vehicle,Slight Injury
12:30:00,Monday,18-30,Male,Junior high school,Owner,5-10yr,Ridden horse,Owner,Unknown,No defect,Office areas,Double carriageway (median),Tangent road with flat terrain,Y Shape,Asphalt roads,Dry,Daylight,Normal,Collision with pedestrians,3,1,Other,Driver or rider,Male,31-50,3,Driver,Normal,Not a Pedestrian,Changing lane to the right,Slight Injury
8:38:00,Tuesday,18-30,Male,Junior high school,Employee,1-2yr,Automobile,Owner,2-5yrs,No defect,Residential areas,Undivided Two way,Gentle horizontal curve,Crossing,Earth roads,Dry,Daylight,Normal,Vehicle with vehicle collision,1,1,Going straight,Unknown,Unknown,Unknown,Unknown,Driver,Normal,Not a Pedestrian,No priority to pedestrian,Serious Injury
10:30:00,Monday,31-50,Male,Junior high school,Employee,2-5yr,Lorry (41-100Q),Owner,Unknown,Unknown,Residential areas,other,Tangent road with flat terrain,No junction,Asphalt roads,Dry,Daylight,Normal,Vehicle with vehicle collision,2,1,Going straight,Passenger,Female,Under 18,3,Driver,Normal,Not a Pedestrian,No priority to vehicle,Slight Injury
10:30:00,Monday,Unknown,Male,Junior high school,Employee,5-10yr,Pick up upto 10Q,Owner,Unknown,7, Outside rural areas,other,Tangent road with flat terrain,No junction,Asphalt roads,Dry,Daylight,Normal,Collision with pedestrians,2,1,Going straight,Unknown,Unknown,Unknown,Unknown,Self-employed,Normal,Not a Pedestrian,Changing lane to the left,Slight Injury
18:04:00,Saturday,31-50,Male,Unknown,Unknown,Unknown,Public (> 45 seats),Owner,Above 10yr,Unknown,Residential areas,other,Tangent road with flat terrain,Y Shape,Asphalt roads,Dry,Daylight,Normal,Vehicle with vehicle collision,1,2,Going straight,Driver or rider,Male,18-30,2,Self-employed,Normal,Not a Pedestrian,Turnover,Slight Injury
18:04:00,Saturday,31-50,Male,Unknown,Unknown,Unknown,Stationwagen,Owner,5-10yrs,5, Church areas,other,Tangent road with flat terrain,Y Shape,Asphalt roads,Dry,Daylight,Normal,Vehicle with vehicle collision,1,2,Going straight,Pedestrian,Female,Under 18,3,Driver,Normal,Not a Pedestrian,Driving to the left,Slight Injury
7:45:00,Wednesday,31-50,Male,Junior high school,Employee,2-5yr,Automobile,Owner,Unknown,No defect,Office areas,Undivided Two way,Tangent road with flat terrain,Crossing,Asphalt roads,Dry,Daylight,Normal,Vehicle with vehicle collision,2,1,Moving Backward,Unknown,Unknown,Unknown,Unknown,Driver,Normal,Not a Pedestrian,Driving carelessly,Slight Injury
7:45:00,Wednesday,Unknown,Male,Junior high school,Employee,Above 10yr,Public (12 seats),Owner,Unknown,No defect,Office areas,Two-way (divided with broken lines road marking),Tangent road with mountainous terrain and,Crossing,Asphalt roads,Dry,Daylight,Normal,Vehicle with vehicle collision,2,1,Moving Backward,Driver or rider,Female,18-30,3,Unknown,Unknown,Not a Pedestrian,Driving to the left,Slight Injury
7:27:00,Tuesday,31-50,Male,Junior high school,Owner,Above 10yr,Automobile,Governmental,Unknown,No defect,Office areas,Two-way (divided with broken lines road marking),Escarpments,Y Shape,Asphalt roads,Dry,Daylight,Normal,Vehicle with vehicle collision,2,1,Moving Backward,Passenger,Male,Under 18,3,Driver,Normal,Not a Pedestrian,Driving carelessly,Slight Injury
7:27:00,Tuesday,31-50,Male,Unknown,Unknown,Unknown,Automobile,Owner,2-5yrs,Unknown,Other,Undivided Two way,Tangent road with mountainous terrain and,Y Shape,Asphalt roads,Dry,Daylight,Normal,Vehicle with vehicle collision,2,1,Other,Passenger,Male,Under 18,3,Driver,Normal,Not a Pedestrian,No priority to pedestrian,Slight Injury
10:05:00,Monday,31-50,Male,Elementary school,Owner,Above 10yr,Automobile,Owner,2-5yrs,Unknown,Other,Undivided Two way,Tangent road with flat terrain,Y Shape,Asphalt roads,Dry,Daylight,Normal,Collision with roadside objects,1,1,Going straight,Unknown,Unknown,Unknown,Unknown,Driver,Normal,Not a Pedestrian,Driving carelessly,Slight Injury
14:35:00,Monday,31-50,Male,Unknown,Unknown,Unknown,Lorry (41-100Q),Owner,Unknown,No defect,Residential areas,Two-way (divided with broken lines road marking),Tangent road with flat terrain,No junction,Asphalt roads,Dry,Daylight,Normal,Collision with pedestrians,1,1,Unknown,Driver or rider,Male,31-50,3,Unknown,Normal,Not a Pedestrian,Changing lane to the right,Slight Injury
18:43:00,Wednesday,31-50,Male,Junior high school,Owner,5-10yr,Automobile,Owner,Unknown,Unknown,Other,Two-way (divided with broken lines road marking),Tangent road with flat terrain,No junction,Gravel roads,Dry,Daylight,Normal,Vehicle with vehicle collision,2,1,Turnover,Unknown,Unknown,Unknown,Unknown,Unknown,Unknown,Not a Pedestrian,Moving Backward,Slight Injury
18:43:00,Wednesday,18-30,Male,Junior high school,Owner,Above 10yr,Automobile,Owner,Below 1yr,Unknown,Other,Undivided Two way,Tangent road with mild grade and flat terrain,No junction,Asphalt roads,Dry,Daylight,Normal,Vehicle with vehicle collision,2,1,Getting off,Unknown,Unknown,Unknown,Unknown,Driver,Normal,Not a Pedestrian,Driving carelessly,Slight Injury
8:47:00,Wednesday,18-30,Male,High school,Owner,Above 10yr,Public (12 seats),Owner,5-10yrs,Unknown,Other,Two-way (divided with broken lines road marking),Tangent road with flat terrain,Y Shape,Earth roads,Dry,Daylight,Normal,Collision with roadside objects,2,1,Going straight,Driver or rider,Male,18-30,3,Driver,Normal,Not a Pedestrian,Changing lane to the right,Slight Injury
8:47:00,Wednesday,Over 51,Male,Unknown,Unknown,Unknown,Taxi,Governmental,5-10yrs,No defect,Other,Undivided Two way,Tangent road with flat terrain,Y Shape,Asphalt roads,Dry,Daylight,Normal,Vehicle with vehicle collision,2,1,Going straight,Pedestrian,Male,Over 51,1,Self-employed,Normal,Crossing from nearside - masked by parked or statioNot a Pedestrianry vehicle,Driving carelessly,Slight Injury
8:55:00,Monday,31-50,Male,Elementary school,Employee,5-10yr,Automobile,Owner,2-5yrs,No defect,Other,Double carriageway (median),Tangent road with mild grade and flat terrain,No junction,Asphalt roads,Dry,Daylight,Normal,Vehicle with vehicle collision,2,1,Going straight,Unknown,Unknown,Unknown,Unknown,Driver,Normal,Not a Pedestrian,Driving carelessly,Slight Injury
8:55:00,Monday,Unknown,Male,Elementary school,Owner,Above 10yr,Public (12 seats),Owner,Unknown,No defect,Other,Two-way (divided with broken lines road marking),Tangent road with flat terrain,No junction,Asphalt roads,Dry,Daylight,Normal,Vehicle with vehicle collision,2,1,Turnover,Driver or rider,Male,18-30,3,Driver,Normal,Not a Pedestrian,Driving carelessly,Slight Injury
13:15:00,Monday,18-30,Male,Junior high school,Owner,Below 1yr,Stationwagen,Owner,2-5yrs,Unknown, Church areas,Two-way (divided with broken lines road marking),Tangent road with flat terrain,Crossing,Earth roads,Dry,Daylight,Normal,Vehicle with vehicle collision,2,1,Reversing,Passenger,Male,Over 51,3,Driver,Normal,Not a Pedestrian,Changing lane to the right,Slight Injury
13:15:00,Monday,31-50,Male,Junior high school,Owner,2-5yr,Stationwagen,Owner,5-10yrs,Unknown,Other,Undivided Two way,Tangent road with flat terrain,Crossing,Asphalt roads,Dry,Daylight,Normal,Vehicle with vehicle collision,2,1,Moving Backward,Unknown,Unknown,Unknown,Unknown,Student,Normal,Not a Pedestrian,Changing lane to the right,Slight Injury
8:20:00,Wednesday,31-50,Male,Junior high school,Owner,2-5yr,Automobile,Organization,2-5yrs,Unknown, Industrial areas,Two-way (divided with broken lines road marking),Tangent road with flat terrain,Y Shape,Asphalt roads,Dry,Daylight,Normal,Vehicle with vehicle collision,2,1,Other,Unknown,Unknown,Unknown,Unknown,Unknown,Unknown,Not a Pedestrian,Driving carelessly,Slight Injury
8:20:00,Wednesday,31-50,Male,High school,Owner,5-10yr,Lorry (41-100Q),Owner,Unknown,No defect,Residential areas,Double carriageway (median),Tangent road with flat terrain,Y Shape,Asphalt roads,Dry,Daylight,Normal,Vehicle with vehicle collision,2,1,Going straight,Driver or rider,Female,31-50,3,Unknown,Unknown,Not a Pedestrian,Overtaking,Slight Injury
13:31:00,Sunday,18-30,Male,Junior high school,Owner,Unknown,Automobile,Governmental,Above 10yr,No defect,Other,Two-way (divided with broken lines road marking),Tangent road with flat terrain,Y Shape,Asphalt roads,Dry,Daylight,Normal,Vehicle with vehicle collision,2,1,Going straight,Pedestrian,Female,Over 51,3,Unknown,Normal,Not a Pedestrian,Changing lane to the right,Slight Injury
13:31:00,Sunday,18-30,Male,Unknown,Owner,Below 1yr,Public (12 seats),Owner,Unknown,No defect,Office areas,Two-way (divided with broken lines road marking),Tangent road with flat terrain,Y Shape,Asphalt roads,Dry,Daylight,Normal,Collision with roadside objects,2,1,Going straight,Unknown,Unknown,Unknown,Unknown,Driver,Normal,Not a Pedestrian,No distancing,Slight Injury
18:30:00,Tuesday,18-30,Male,Elementary school,Owner,Above 10yr,Automobile,Owner,Unknown,No defect, Industrial areas,Unknown,Tangent road with flat terrain,Crossing,Asphalt roads,Dry,Daylight,Normal,Collision with roadside objects,1,1,Going straight,Driver or rider,Male,Under 18,3,Driver,Normal,Not a Pedestrian,Other,Slight Injury
1:55:00,Friday,18-30,Male,Elementary school,Owner,Below 1yr,Automobile,Owner,1-2yr,No defect, Industrial areas,Double carriageway (median),Tangent road with flat terrain,Y Shape,Asphalt roads,Dry,Darkness - lights lit,Normal,Collision with roadside objects,1,1,Going straight,Unknown,Unknown,Unknown,Unknown,Unknown,Unknown,Not a Pedestrian,Changing lane to the right,Slight Injury
8:50:00,Tuesday,18-30,Male,Junior high school,Owner,5-10yr,Lorry (41-100Q),Owner,Unknown,No defect,Other,Two-way (divided with broken lines road marking),Tangent road with flat terrain,Y Shape,Asphalt roads,Dry,Daylight,Normal,Vehicle with vehicle collision,2,1,Going straight,Driver or rider,Male,18-30,3,Unknown,Unknown,Not a Pedestrian,Changing lane to the right,Slight Injury
8:50:00,Tuesday,31-50,Male,Junior high school,Owner,5-10yr,Automobile,Organization,Above 10yr,Unknown, Hospital areas,Two-way (divided with broken lines road marking),Tangent road with flat terrain,Y Shape,Asphalt roads,Dry,Daylight,Normal,Collision with pedestrians,2,1,Going straight,Driver or rider,Female,18-30,3,Unknown,Unknown,Not a Pedestrian,Overtaking,Slight Injury
8:59:00,Monday,31-50,Male,Unknown,Owner,Unknown,Motorcycle,Owner,Unknown,Unknown,Office areas,One way,Tangent road with flat terrain,Unknown,Asphalt roads,Dry,Daylight,Normal,Vehicle with vehicle collision,2,1,Going straight,Passenger,Female,Under 18,3,Unknown,Unknown,Not a Pedestrian,Other,Fatal injury
8:59:00,Monday,18-30,Male,Junior high school,Employee,1-2yr,Unknown,Owner,2-5yrs,No defect, Church areas,Undivided Two way,Tangent road with flat terrain,Unknown,Asphalt roads,Dry,Daylight,Normal,Collision with pedestrians,2,1,Going straight,Driver or rider,Female,18-30,3,Driver,Normal,Not a Pedestrian,Driving to the left,Fatal injury
8:20:00,Monday,18-30,Male,High school,Owner,5-10yr,Automobile,Organization,5-10yrs,No defect, Hospital areas,Undivided Two way,Tangent road with mountainous terrain and,Y Shape,Asphalt roads,Dry,Daylight,Normal,Vehicle with vehicle collision,2,1,Other,Unknown,Unknown,Unknown,Unknown,Driver,Normal,Not a Pedestrian,Overtaking,Slight Injury
8:20:00,Monday,18-30,Male,Junior high school,Employee,5-10yr,Automobile,Owner,Above 10yr,No defect,Office areas,other,Tangent road with flat terrain,Y Shape,Asphalt roads,Dry,Daylight,Normal,Collision with pedestrians,2,1,Moving Backward,Driver or rider,Female,18-30,2,Driver,Normal,Not a Pedestrian,No priority to vehicle,Slight Injury
20:15:00,Sunday,Under 18,Male,Junior high school,Employee,5-10yr,Automobile,Owner,2-5yrs,No defect,Other,Two-way (divided with broken lines road marking),Escarpments,Y Shape,Asphalt roads,Dry,Daylight,Normal,Vehicle with vehicle collision,2,2,Going straight,Driver or rider,Female,31-50,3,Other,Normal,Not a Pedestrian,Moving Backward,Slight Injury
20:15:00,Sunday,31-50,Male,Junior high school,Employee,5-10yr,Public (> 45 seats),Owner,1-2yr,Unknown,Office areas,Undivided Two way,Tangent road with flat terrain,Y Shape,Asphalt roads,Dry,Daylight,Normal,Vehicle with vehicle collision,2,2,Moving Backward,Driver or rider,Female,Over 51,3,Driver,Normal,Not a Pedestrian,Other,Slight Injury
17:01:00,Friday,31-50,Male,Junior high school,Employee,Above 10yr,Unknown,Owner,2-5yrs,Unknown,Office areas,Two-way (divided with broken lines road marking),Tangent road with mountainous terrain and,No junction,Asphalt roads,Dry,Daylight,Normal,Vehicle with vehicle collision,2,1,Going straight,Driver or rider,Female,Over 51,3,Unknown,Unknown,Not a Pedestrian,No priority to vehicle,Slight Injury
17:01:00,Friday,31-50,Male,Junior high school,Employee,5-10yr,Automobile,Owner,Unknown,No defect,Other,Double carriageway (median),Steep grade downward with mountainous terrain,No junction,Asphalt roads,Dry,Daylight,Normal,Vehicle with vehicle collision,2,1,Moving Backward,Unknown,Unknown,Unknown,Unknown,Driver,Normal,Not a Pedestrian,No priority to pedestrian,Slight Injury
8:17:00,Tuesday,31-50,Male,Junior high school,Employee,No Licence,Automobile,Owner,1-2yr,No defect,Office areas,Undivided Two way,Tangent road with mild grade and flat terrain,Y Shape,Asphalt roads,Dry,Daylight,Normal,Vehicle with vehicle collision,2,3,Unknown,Unknown,Unknown,Unknown,Unknown,Driver,Normal,Not a Pedestrian,Changing lane to the right,Slight Injury
8:17:00,Tuesday,18-30,Male,Above high school,Employee,Below 1yr,Other,Owner,Unknown,No defect,Residential areas,Undivided Two way,Tangent road with flat terrain,Y Shape,Asphalt roads,Dry,Daylight,Normal,Vehicle with vehicle collision,2,3,Going straight,Driver or rider,Male,Over 51,3,Unemployed,Normal,Not a Pedestrian,Changing lane to the right,Slight Injury
8:17:00,Tuesday,18-30,Male,Elementary school,Employee,5-10yr,Stationwagen,Owner,Unknown,Unknown,Other,Two-way (divided with broken lines road marking),Tangent road with flat terrain,Y Shape,Asphalt roads,Dry,Daylight,Normal,Vehicle with vehicle collision,2,3,Going straight,Driver or rider,Male,31-50,3,Driver,Normal,Not a Pedestrian,Changing lane to the right,Slight Injury
17:52:00,Monday,18-30,Male,Elementary school,Employee,5-10yr,Lorry (41-100Q),Owner,2-5yrs,Unknown,Office areas,Double carriageway (median),Tangent road with flat terrain,T Shape,Earth roads,Dry,Daylight,Normal,Vehicle with vehicle collision,2,1,Going straight,Unknown,Unknown,Unknown,Unknown,Driver,Normal,Not a Pedestrian,Driving to the left,Slight Injury
17:52:00,Monday,Unknown,Female,Junior high school,Employee,5-10yr,Taxi,Owner,5-10yrs,Unknown,Office areas,Undivided Two way,Tangent road with mountainous terrain and,T Shape,Asphalt roads,Dry,Daylight,Normal,Vehicle with vehicle collision,2,1,Going straight,Driver or rider,Male,31-50,3,Driver,Normal,Not a Pedestrian,Changing lane to the left,Slight Injury
7:15:00,Tuesday,Unknown,Male,High school,Employee,5-10yr,Other,Unknown,Unknown,Unknown,Office areas,other,Tangent road with flat terrain,Crossing,Asphalt roads,Dry,Daylight,Normal,Vehicle with vehicle collision,2,1,Other,Passenger,Female,Under 18,3,Driver,Normal,Not a Pedestrian,Moving Backward,Slight Injury
7:15:00,Tuesday,Unknown,Female,Junior high school,Employee,5-10yr,Public (12 seats),Owner,5-10yrs,No defect,Other,Two-way (divided with broken lines road marking),Tangent road with mild grade and flat terrain,Crossing,Other,Dry,Daylight,Normal,Vehicle with vehicle collision,2,1,Going straight,Unknown,Unknown,Unknown,Unknown,Employee,Normal,Not a Pedestrian,Driving at high speed,Slight Injury
18:46:00,Wednesday,18-30,Male,Junior high school,Employee,2-5yr,Automobile,Owner,Unknown,No defect, Church areas,Undivided Two way,Tangent road with flat terrain,No junction,Asphalt roads,Dry,Daylight,Normal,Vehicle with vehicle collision,2,4,Moving Backward,Unknown,Unknown,Unknown,Unknown,Driver,Normal,Not a Pedestrian,Moving Backward,Slight Injury
18:46:00,Wednesday,18-30,Male,Writing & reading,Employee,5-10yr,Automobile,Owner,Unknown,No defect, Industrial areas,Undivided Two way,Tangent road with flat terrain,No junction,Asphalt roads,Dry,Daylight,Normal,Rollover,2,4,Moving Backward,Driver or rider,Female,Under 18,3,Self-employed,Normal,Not a Pedestrian,No distancing,Slight Injury
18:46:00,Wednesday,18-30,Male,Junior high school,Employee,Above 10yr,Public (13?45 seats),Owner,1-2yr,No defect,Office areas,Double carriageway (median),Tangent road with flat terrain,No junction,Asphalt roads,Dry,Daylight,Normal,Collision with roadside objects,2,4,Moving Backward,Unknown,Unknown,Unknown,Unknown,Driver,Normal,Not a Pedestrian,Other,Slight Injury
18:46:00,Wednesday,18-30,Male,Junior high school,Employee,1-2yr,Lorry (41-100Q),Owner,Unknown,No defect, Church areas,Undivided Two way,Tangent road with flat terrain,No junction,Asphalt roads,Dry,Daylight,Normal,Vehicle with vehicle collision,2,4,Going straight,Driver or rider,Male,31-50,3,Driver,Normal,Not a Pedestrian,No priority to vehicle,Slight Injury
18:46:00,Wednesday,18-30,Male,Writing & reading,Employee,Below 1yr,Lorry (41-100Q),Owner,Unknown,Unknown,Office areas,Undivided Two way,Tangent road with flat terrain,No junction,Asphalt roads,Dry,Daylight,Normal,Vehicle with vehicle collision,2,4,Going straight,Passenger,Female,31-50,3,Unknown,Unknown,Not a Pedestrian,Changing lane to the right,Slight Injury
0:41:00,Friday,Unknown,Male,Elementary school,Employee,1-2yr,Lorry (11?40Q),Owner,Unknown,No defect,Office areas,other,Tangent road with flat terrain,Y Shape,Asphalt roads,Dry,Darkness - lights lit,Normal,Vehicle with vehicle collision,2,1,Going straight,Pedestrian,Male,Under 18,3,Driver,Normal,Not a Pedestrian,Other,Slight Injury
0:41:00,Friday,31-50,Male,Junior high school,Employee,5-10yr,Motorcycle,Owner,Unknown,Unknown,Residential areas,Two-way (divided with broken lines road marking),Tangent road with flat terrain,Y Shape,Asphalt roads,Dry,Darkness - lights lit,Normal,Collision with pedestrians,2,1,Going straight,Unknown,Unknown,Unknown,Unknown,Unknown,Unknown,Not a Pedestrian,No distancing,Slight Injury