Time,Day_of_week,Age_band_of_driver,Sex_of_driver,Educational_level,Vehicle_driver_relation,Driving_experience,Type_of_vehicle,Owner_of_vehicle,Service_year_of_vehicle,Defect_of_vehicle,Area_accident_occured,Lanes_or_Medians,Road_allignment,Types_of_Junction,Road_surface_type,Road_surface_conditions,Light_conditions,Weather_conditions,Type_of_collision,Number_of_vehicles_involved,Number_of_casualties,Vehicle_movement,Casualty_class,Sex_of_casualty,Age_band_of_casualty,Casualty_severity,Work_of_casuality,Fitness_of_casuality,Pedestrian_movement,Cause_of_accident,Accident_severity
23:30:00,Sunday,Over 51,Male,Junior high school,Employee,5-10yr,Automobile,Owner,Unknown,No defect,  Recreational areas,One way,Tangent road with flat terrain,Crossing,Asphalt roads,Dry,Darkness - lights lit,Normal,Collision with roadside objects,2,1,Moving Backward,Driver or rider,Male,31-50,3,Driver,Normal,Not a Pedestrian,Overtaking,Slight Injury
8:00:00,Wednesday,Unknown,Male,Junior high school,Employee,Above 10yr,Other,Owner,Unknown,No defect, Church areas,Undivided Two way,Tangent road with flat terrain,No junction,Asphalt roads,Dry,Daylight,Normal,Collision with roadside objects,1,1,Going straight,Unknown,Unknown,Unknown,Unknown,Unknown,Unknown,Not a Pedestrian,Changing lane to the left,Slight Injury
17:30:00,Friday,Over 51,Male,Junior high school,Employee,1-2yr,Unknown,Owner,Unknown,No defect,Other,One way,Tangent road with flat terrain,Crossing,Asphalt roads,Dry,Darkness - lights lit,Normal,Vehicle with vehicle collision,2,1,Going straight,Driver or rider,Male,18-30,3,Unknown,Unknown,Not a Pedestrian,Changing lane to the right,Slight Injury
17:30:00,Friday,Unknown,Male,Junior high school,Employee,2-5yr,Long lorry,Owner,Unknown,No defect,Other,Undivided Two way,Tangent road with flat terrain,Crossing,Asphalt roads,Dry,Darkness - lights lit,Normal,Vehicle with vehicle collision,2,1,Going straight,Driver or rider,Female,Over 51,3,Driver,Normal,Not a Pedestrian,Overtaking,Slight Injury
11:30:00,Monday,18-30,Male,Junior high school,Employee,Below 1yr,Public (12 seats),Owner,Unknown,No defect,Other,Two-way (divided with broken lines road marking),Tangent road with flat terrain,Y Shape,Asphalt roads,Dry,Daylight,Normal,Vehicle with vehicle collision,2,1,Going straight,Passenger,Female,Over 51,3,Driver,Normal,Not a Pedestrian,Overloading,Slight Injury
11:30:00,Monday,31-50,Male,Junior high school,Employee,Above 10yr,Public (12 seats),Governmental,Unknown,No defect,Residential areas,other,Tangent road with flat terrain,Y Shape,Asphalt roads,Dry,Daylight,Normal,Collision with roadside objects,2,1,Other,Driver or rider,Female,18-30,3,Driver,Normal,Not a Pedestrian,Other,Slight Injury
12:45:00,Monday,31-50,Male,Junior high school,Employee,1-2yr,Other,Owner,Above 10yr,No defect,School areas,other,Tangent road with flat terrain,Y Shape,Asphalt roads,Dry,Daylight,Normal,Vehicle with vehicle collision,2,1,Unknown,Unknown,Unknown,Unknown,Unknown,Self-employed,Normal,Not a Pedestrian,No priority to vehicle,Slight Injury
12:45:00,Monday,31-50,Male,Above high school,Employee,5-10yr,Other,Owner,Above 10yr,No defect, Church areas,Two-way (divided with broken lines road marking),Tangent road with flat terrain,Y Shape,Asphalt roads,Dry,Daylight,Normal,Vehicle with vehicle collision,2,1,Going straight,Driver or rider,Male,Over 51,3,Driver,Normal,Not a Pedestrian,Changing lane to the right,Slight Injury
15:15:00,Monday,18-30,Male,Junior high school,Employee,5-10yr,Other,Owner,Above 10yr,No defect,Other,other,Tangent road with flat terrain,Crossing,Asphalt roads,Dry,Daylight,Normal,Vehicle with vehicle collision,1,1,Turnover,Unknown,Unknown,Unknown,Unknown,Self-employed,Normal,Not a Pedestrian,Moving Backward,Slight Injury
18:50:00,Monday,31-50,Male,Elementary school,Owner,Below 1yr,Public (12 seats),Owner,Below 1yr,Unknown,Other,Two-way (divided with broken lines road marking),Tangent road with flat terrain,Y Shape,Asphalt roads,Dry,Darkness - lights lit,Normal,Rollover,1,1,Going straight,Unknown,Unknown,Unknown,Unknown,Driver,Normal,Not a Pedestrian,Changing lane to the left,Slight Injury
23:20:00,Monday,31-50,Male,Unknown,Unknown,Unknown,Lorry (41-100Q),Owner,2-5yrs,Unknown,Office areas,Undivided Two way,Tangent road with flat terrain,Y Shape,Asphalt roads,Dry,Darkness - lights lit,Normal,Vehicle with vehicle collision,2,1,Moving Backward,Passenger,Female,Over 51,3,Driver,Normal,Not a Pedestrian,No priority to pedestrian,Slight Injury
23:20:00,Monday,Unknown,Female,Junior high school,Employee,Above 10yr,Other,Owner,2-5yrs,Unknown,Office areas,Two-way (divided with broken lines road marking),Tangent road with flat terrain,Y Shape,Asphalt roads,Dry,Darkness - lights lit,Normal,Vehicle with vehicle collision,2,1,Moving Backward,Driver or rider,Male,Under 18,2,Unknown,Unknown,Not a Pedestrian,No distancing,Slight Injury
19:45:00,Monday,18-30,Male,Junior high school,Unknown,Unknown,Public (12 seats),Owner,2-5yrs,No defect,Other,Undivided Two way,Tangent road with flat terrain,No junction,Asphalt roads,Dry,Darkness - lights lit,Normal,Collision with pedestrians,2,1,Going straight,Passenger,Female,18-30,3,Unknown,Unknown,Not a Pedestrian,No priority to vehicle,Slight Injury
19:45:00,Monday,Unknown,Male,Junior high school,Employee,1-2yr,Other,Owner,Below 1yr,No defect, Hospital areas,Undivided Two way,Tangent road with flat terrain,No junction,Asphalt roads,Dry,Darkness - lights lit,Normal,Vehicle with vehicle collision,2,1,Other,Driver or rider,Male,31-50,3,Self-employed,Normal,Not a Pedestrian,No distancing,Slight Injury
22:05:00,Friday,18-30,Male,Junior high school,Owner,2-5yr,Lorry (11?40Q),Owner,2-5yrs,Unknown,Other,Undivided Two way,Tangent road with flat terrain,No junction,Asphalt roads,Dry,Darkness - lights lit,Normal,Vehicle with vehicle collision,2,1,Going straight,Passenger,Female,18-30,3,Driver,Normal,Not a Pedestrian,No distancing,Slight Injury
22:05:00,Friday,Unknown,Male,Unknown,Employee,unknown,Other,Owner,Unknown,Unknown,Other,Two-way (divided with broken lines road marking),Tangent road with flat terrain,No junction,Asphalt roads,Dry,Darkness - lights lit,Normal,Vehicle with vehicle collision,2,1,Going straight,Passenger,Female,18-30,3,Driver,Normal,Not a Pedestrian,Moving Backward,Slight Injury
18:23:00,Tuesday,Unknown,Male,Junior high school,Employee,Above 10yr,Other,Owner,Unknown,Unknown,Other,Undivided Two way,Tangent road with flat terrain,Crossing,Asphalt roads,Dry,Darkness - lights lit,Normal,Vehicle with vehicle collision,2,1,Going straight,Passenger,Female,18-30,3,Self-employed,Normal,Not a Pedestrian,Changing lane to the right,Slight Injury
18:23:00,Tuesday,31-50,Male,Junior high school,Owner,2-5yr,Other,Unknown,Unknown,Unknown,Other,Double carriageway (median),Tangent road with flat terrain,Crossing,Asphalt roads,Dry,Darkness - lights lit,Normal,Collision with roadside objects,2,1,Going straight,Passenger,Male,31-50,3,Driver,Normal,Not a Pedestrian,No priority to pedestrian,Slight Injury
7:20:00,Tuesday,18-30,Male,Junior high school,Employee,5-10yr,Pick up upto 10Q,Governmental,Unknown,No defect,Other,Two-way (divided with broken lines road marking),Tangent road with mild grade and flat terrain,No junction,Asphalt roads,Wet or damp,Daylight,Normal,Vehicle with vehicle collision,1,1,Going straight,Driver or rider,Male,5,3,Driver,Normal,Not a Pedestrian,Moving Backward,Slight Injury
7:21:00,Wednesday,31-50,Male,Junior high school,Employee,2-5yr,Automobile,Owner,Above 10yr,No defect, Hospital areas,Two-way (divided with broken lines road marking),Tangent road with flat terrain,Crossing,Asphalt roads,Wet or damp,Daylight,Normal,Vehicle with vehicle collision,2,1,Going straight,Pedestrian,Female,Over 51,3,Unknown,Normal,Not a Pedestrian,Getting off the vehicle improperly,Slight Injury
7:21:00,Wednesday,31-50,Male,Junior high school,Employee,1-2yr,Other,Unknown,Above 10yr,No defect,Other,Two-way (divided with broken lines road marking),Tangent road with flat terrain,Crossing,Asphalt roads,Wet or damp,Daylight,Normal,Vehicle with vehicle collision,2,1,Going straight,Driver or rider,Male,31-50,3,Driver,Normal,Not a Pedestrian,Overtaking,Slight Injury
9:43:00,Wednesday,Over 51,Male,Junior high school,Employee,5-10yr,Lorry (41-100Q),Owner,Unknown,No defect,Other,One way,Tangent road with flat terrain,No junction,Asphalt roads,Dry,Daylight,Normal,Vehicle with vehicle collision,1,1,Going straight,Unknown,Unknown,Unknown,Unknown,Self-employed,Normal,Not a Pedestrian,Overloading,Slight Injury
9:54:00,Wednesday,31-50,Male,Junior high school,Employee,2-5yr,Public (13?45 seats),Owner,2-5yrs,No defect,Other,Two-way (divided with broken lines road marking),Tangent road with mild grade and flat terrain,No junction,Asphalt roads,Dry,Daylight,Normal,Collision with roadside objects,2,1,Other,Unknown,Unknown,Unknown,Unknown,Self-employed,Normal,Not a Pedestrian,Changing lane to the right,Slight Injury
9:54:00,Wednesday,31-50,Male,Elementary school,Employee,5-10yr,Automobile,Owner,Unknown,Unknown,Office areas,Two-way (divided with broken lines road marking),Tangent road with flat terrain,No junction,Asphalt roads,Dry,Daylight,Normal,Vehicle with vehicle collision,2,1,Going straight,Unknown,Unknown,Unknown,Unknown,Unknown,Normal,Not a Pedestrian,Improper parking,Slight Injury
10:15:00,Friday,Over 51,Male,Above high school,Owner,5-10yr,Pick up upto 10Q,Owner,Unknown,Unknown,Residential areas,Two-way (divided with broken lines road marking),Tangent road with flat terrain,Crossing,Asphalt roads,Dry,Daylight,Normal,Collision with roadside objects,3,1,Overtaking,Driver or rider,Male,18-30,3,Self-employed,Normal,Not a Pedestrian,Other,Slight Injury
10:15:00,Friday,Unknown,Male,Junior high school,Employee,2-5yr,Lorry (41-100Q),Owner,2-5yrs,No defect,Other,Two-way (divided with broken lines road marking),Tangent road with flat terrain,Crossing,Asphalt roads,Dry,Daylight,Normal,Vehicle with vehicle collision,3,1,Going straight,Unknown,Unknown,Unknown,Unknown,Driver,Normal,Not a Pedestrian,Changing lane to the left,Slight Injury
10:15:00,Friday,Unknown,Female,Junior high school,Employee,2-5yr,Public (12 seats),Owner,Unknown,Unknown,Residential areas,Two-way (divided with broken lines road marking),Tangent road with flat terrain,Crossing,Asphalt roads,Dry,Daylight,Normal,Rollover,3,1,Going straight,Driver or rider,Male,31-50,3,Driver,Normal,Not a Pedestrian,Changing lane to the right,Slight Injury
13:45:00,Wednesday,18-30,Male,Junior high school,Employee,2-5yr,Other,Owner,Unknown,Unknown,Other,Undivided Two way,Tangent road with flat terrain,No junction,Asphalt roads,Dry,Daylight,Normal,Vehicle with vehicle collision,1,1,Going straight,Unknown,Unknown,Unknown,Unknown,Unknown,Normal,Not a Pedestrian,No priority to pedestrian,Serious Injury
8:45:00,Monday,31-50,Male,Junior high school,Employee,5-10yr,Lorry (41-100Q),Owner,2-5yrs,Unknown,Residential areas,Double carriageway (median),Tangent road with flat terrain,Y Shape,Asphalt roads,Wet or damp,Daylight,Normal,Vehicle with vehicle collision,2,1,U-Turn,Driver or rider,Male,18-30,3,Driver,Normal,Not a Pedestrian,Overspeed,Slight Injury
8:45:00,Monday,Unknown,Male,Junior high school,Employee,1-2yr,Pick up upto 10Q,Owner,Unknown,Unknown,Office areas,Two-way (divided with broken lines road marking),Tangent road with flat terrain,Y Shape,Asphalt roads,Wet or damp,Daylight,Normal,Vehicle with vehicle collision,2,1,Going straight,Unknown,Unknown,Unknown,Unknown,Driver,Normal,Not a Pedestrian,Changing lane to the left,Slight Injury
8:55:00,Friday,31-50,Male,Junior high school,Owner,2-5yr,Other,Owner,5-10yrs,Unknown,Office areas,Two-way (divided with broken lines road marking),Tangent road with mild grade and flat terrain,Crossing,Asphalt roads,Dry,Daylight,Normal,Vehicle with vehicle collision,1,1,Going straight,Driver or rider,Male,18-30,3,Driver,Normal,Not a Pedestrian,No priority to vehicle,Slight Injury
17:52:00,Thursday,31-50,Male,High school,Owner,2-5yr,Lorry (41-100Q),Owner,Unknown,Unknown,Office areas,Double carriageway (median),Tangent road with flat terrain,No junction,Asphalt roads,Dry,Darkness - lights lit,Normal,Vehicle with vehicle collision,2,1,Going straight,Passenger,Female,18-30,3,Self-employed,Normal,Not a Pedestrian,Changing lane to the right,Slight Injury
17:52:00,Thursday,31-50,Male,Unknown,Employee,Unknown,Ridden horse,Owner,Unknown,Unknown,  Recreational areas,Two-way (divided with broken lines road marking),Tangent road with flat terrain,No junction,Asphalt roads,Dry,Darkness - lights lit,Normal,Collision with pedestrians,2,1,Going straight,Driver or rider,Male,Over 51,3,Driver,Normal,Not a Pedestrian,No distancing,Slight Injury
14:20:00,Friday,Over 51,Male,Junior high school,Owner,1-2yr,Automobile,Owner,Unknown,Unknown,Other,Two-way (divided with broken lines road marking),Tangent road with flat terrain,No junction,Asphalt roads,Dry,Daylight,Normal,Rollover,1,1,Turnover,Unknown,Unknown,Unknown,Unknown,Driver,Normal,Not a Pedestrian,No priority to pedestrian,Serious Injury
19:40:00,Friday,31-50,Male,Junior high school,Unknown,Below 1yr,Automobile,Owner,Unknown,Unknown,Other,other,Tangent road with flat terrain,Crossing,Asphalt roads,Dry,Darkness - lights lit,Normal,Vehicle with vehicle collision,2,1,Going straight,Driver or rider,Female,18-30,3,Unknown,Normal,Not a Pedestrian,No distancing,Slight Injury
19:40:00,Friday,Over 51,Male,High school,Employee,1-2yr,Stationwagen,Owner,5-10yrs,Unknown,Other,Two-way (divided with broken lines road marking),Tangent road with flat terrain,Crossing,Asphalt roads,Dry,Darkness - lights lit,Normal,Rollover,2,1,Going straight,Unknown,Unknown,Unknown,Unknown,Driver,Normal,Not a Pedestrian,No priority to vehicle,Slight Injury
6:42:00,Saturday,31-50,Male,Above high school,Employee,1-2yr,Other,Owner,Unknown,Unknown,Other,Double carriageway (median),Tangent road with flat terrain,Y Shape,Asphalt roads,Wet or damp,Darkness - lights lit,Normal,Vehicle with vehicle collision,2,1,Moving Backward,Unknown,Unknown,Unknown,Unknown,Unknown,Unknown,Not a Pedestrian,Other,Slight Injury
6:42:00,Saturday,18-30,Male,Junior high school,Employee,Above 10yr,Lorry (41-100Q),Owner,2-5yrs,No defect,Other,Undivided Two way,Tangent road with mountainous terrain and,Y Shape,Asphalt roads,Wet or damp,Darkness - lights lit,Normal,Vehicle with vehicle collision,2,1,Going straight,Driver or rider,Male,31-50,3,Unknown,Unknown,Not a Pedestrian,Driving carelessly,Slight Injury
11:02:00,Saturday,18-30,Male,High school,Employee,1-2yr,Lorry (41-100Q),Owner,2-5yrs,No defect,Office areas,Two-way (divided with broken lines road marking),Tangent road with flat terrain,Crossing,Asphalt roads,Dry,Daylight,Normal,Vehicle with vehicle collision,2,1,Moving Backward,Driver or rider,Male,31-50,3,Unknown,Unknown,Not a Pedestrian,Changing lane to the left,Slight Injury
11:02:00,Saturday,31-50,Unknown,Junior high school,Employee,2-5yr,Long lorry,Owner,Above 10yr,No defect,Office areas,Two-way (divided with broken lines road marking),Tangent road with flat terrain,Crossing,Asphalt roads,Dry,Daylight,Normal,Fall from vehicles,2,1,Going straight,Unknown,Unknown,Unknown,Unknown,Self-employed,Normal,Not a Pedestrian,Driving carelessly,Slight Injury
1:39:00,Sunday,Unknown,Male,Above high school,Other,2-5yr,Stationwagen,Owner,Unknown,No defect,Office areas,One way,Tangent road with flat terrain,Y Shape,Asphalt roads,Dry,Darkness - lights lit,Normal,Vehicle with vehicle collision,2,1,Going straight,Driver or rider,Male,18-30,3,Self-employed,Normal,Not a Pedestrian,Changing lane to the left,Slight Injury
1:39:00,Sunday,18-30,Male,High school,Employee,Above 10yr,Public (12 seats),Owner,Above 10yr,No defect,Residential areas,Double carriageway (median),Tangent road with flat terrain,Y Shape,Asphalt roads,Dry,Darkness - lights lit,Normal,Collision with roadside objects,2,1,Going straight,Unknown,Unknown,Unknown,Unknown,Driver,Normal,Not a Pedestrian,No priority to vehicle,Slight Injury
8:00:00,Sunday,31-50,Male,Elementary school,Employee,5-10yr,Automobile,Governmental,Below 1yr,No defect,  Recreational areas,Two-way (divided with broken lines road marking),Tangent road with flat terrain,Crossing,Asphalt roads,Dry,Daylight,Normal,Vehicle with vehicle collision,2,1,Going straight,Driver or rider,Male,18-30,3,Self-employed,Normal,Not a Pedestrian,No distancing,Slight Injury
8:00:00,Sunday,18-30,Male,High school,Employee,1-2yr,Public (12 seats),Owner,Unknown,No defect, Church areas,Double carriageway (median),Tangent road with flat terrain,Crossing,Asphalt roads,Dry,Daylight,Normal,Vehicle with vehicle collision,2,1,U-Turn,Unknown,Unknown,Unknown,Unknown,Driver,Normal,Not a Pedestrian,Changing lane to the right,Slight Injury
8:45:00,Tuesday,Unknown,Male,High school,Employee,5-10yr,Lorry (41-100Q),Owner,Unknown,No defect,Office areas,Undivided Two way,Tangent road with flat terrain,Y Shape,Asphalt roads,Dry,Daylight,Normal,Vehicle with vehicle collision,1,1,Going straight,Driver or rider,Female,18-30,3,Self-employed,Normal,Not a Pedestrian,Changing lane to the right,Slight Injury
7:11:00,Monday,18-30,Male,High school,Employee,2-5yr,Automobile,Owner,Unknown,No defect,Other,Two-way (divided with broken lines road marking),Tangent road with flat terrain,No junction,Asphalt roads,Wet or damp,Daylight,Normal,Collision with pedestrians,2,1,Going straight,Driver or rider,Male,31-50,2,Employee,Normal,Not a Pedestrian,Driving at high speed,Slight Injury
7:11:00,Monday,31-50,Male,Junior high school,Employee,1-2yr,Lorry (41-100Q),Owner,Unknown,Unknown,Residential areas,other,Steep grade downward with mountainous terrain,No junction,Asphalt roads,Wet or damp,Daylight,Normal,Vehicle with vehicle collision,2,1,Going straight,Unknown,Unknown,Unknown,Unknown,Driver,Normal,Not a Pedestrian,No distancing,Slight Injury
17:30:00,Monday,18-30,Male,Above high school,Employee,Above 10yr,Lorry (41-100Q),Owner,Unknown,No defect,School areas,other,Tangent road with flat terrain,Crossing,Asphalt roads,Dry,Darkness - lights lit,Normal,Vehicle with vehicle collision,2,1,Going straight,Unknown,Unknown,Unknown,Unknown,Driver,Normal,Not a Pedestrian,Changing lane to the right,Slight Injury
17:30:00,Monday,Unknown,Male,Above high school,Employee,2-5yr,Pick up upto 10Q,Owner,1-2yr,No defect,Office areas,Two-way (divided with broken lines road marking),Tangent road with flat terrain,Crossing,Asphalt roads,Dry,Darkness - lights lit,Normal,Vehicle with vehicle collision,2,1,Going straight,Driver or rider,Male,18-30,3,Driver,Normal,Not a Pedestrian,Changing lane to the left,Slight Injury
7:45:00,Monday,18-30,Male,Elementary school,Employee,5-10yr,Other,Owner,Above 10yr,No defect,Other,other,Tangent road with flat terrain,Crossing,Asphalt roads,Dry,Daylight,Normal,Rollover,2,1,Going straight,Driver or rider,Male,18-30,3,Driver,Normal,Not a Pedestrian,Getting off the vehicle improperly,Serious Injury
7:45:00,Monday,18-30,Male,Elementary school,Employee,1-2yr,Automobile,Owner,Unknown,No defect,Other,Two-way (divided with broken lines road marking),Tangent road with flat terrain,Crossing,Asphalt roads,Dry,Daylight,Normal,Collision with roadside objects,2,1,Stopping,Unknown,Unknown,Unknown,Unknown,Driver,Normal,Not a Pedestrian,Other,Serious Injury
8:05:00,Thursday,31-50,Male,Junior high school,Employee,Unknown,Automobile,Organization,2-5yrs,Unknown,Office areas,Two-way (divided with broken lines road marking),Tangent road with mountainous terrain and,Y Shape,Asphalt roads,Dry,Daylight,Normal,Vehicle with vehicle collision,2,1,Turnover,Driver or rider,Female,31-50,2,Driver,Normal,Not a Pedestrian,Other,Slight Injury
8:05:00,Thursday,Unknown,Male,Unknown,Unknown,Unknown,Lorry (11?40Q),Owner,Unknown,Unknown,Office areas,Two-way (divided with broken lines road marking),Tangent road with flat terrain,Y Shape,Asphalt roads,Dry,Daylight,Normal,Vehicle with vehicle collision,2,1,Getting off,Unknown,Unknown,Unknown,Unknown,Self-employed,Normal,Not a Pedestrian,No distancing,Slight Injury
17:39:00,Wednesday,31-50,Male,Elementary school,Employee,5-10yr,Bajaj,Owner,5-10yrs,Unknown,Other,Undivided Two way,Tangent road with flat terrain,Y Shape,Asphalt roads,Dry,Darkness - lights lit,Normal,Collision with roadside objects,2,1,Moving Backward,Driver or rider,Male,31-50,3,Self-employed,Normal,Not a Pedestrian,No priority to vehicle,Slight Injury
17:39:00,Wednesday,Unknown,Female,Junior high school,Employee,2-5yr,Automobile,Owner,5-10yrs,No defect,Office areas,Two-way (divided with broken lines road marking),Tangent road with flat terrain,Y Shape,Asphalt roads,Dry,Darkness - lights lit,Normal,Vehicle with vehicle collision,2,1,Moving Backward,Unknown,Unknown,Unknown,Unknown,Self-employed,Normal,Not a Pedestrian,Overtaking,Slight Injury
7:37:00,Tuesday,31-50,Male,Junior high school,Employee,5-10yr,Lorry (41-100Q),Owner,2-5yrs,No defect, Industrial areas,Two-way (divided with broken lines road marking),Tangent road with flat terrain,No junction,Asphalt roads,Dry,Daylight,Normal,Vehicle with vehicle collision,2,2,Going straight,Driver or rider,Male,31-50,2,Driver,Normal,Not a Pedestrian,No priority to pedestrian,Slight Injury
7:37:00,Tuesday,18-30,Male,High school,Employee,2-5yr,Lorry (11?40Q),Owner,Unknown,No defect,Office areas,Undivided Two way,Tangent road with flat terrain,No junction,Asphalt roads,Dry,Daylight,Normal,Vehicle with vehicle collision,2,2,Turnover,Passenger,Male,31-50,3,Unknown,Normal,Not a Pedestrian,No distancing,Slight Injury
7:37:00,Tuesday,18-30,Male,Junior high school,Employee,1-2yr,Lorry (11?40Q),Owner,Unknown,Unknown,Other,Undivided Two way,Tangent road with flat terrain,No junction,Asphalt roads,Dry,Daylight,Normal,Rollover,2,2,Going straight,Unknown,Unknown,Unknown,Unknown,Unknown,Normal,Not a Pedestrian,Changing lane to the right,Slight Injury
0:26:00,Thursday,18-30,Male,Junior high school,Employee,1-2yr,Automobile,Owner,Above 10yr,Unknown,Other,Two-way (divided with broken lines road marking),Tangent road with flat terrain,No junction,Asphalt roads,Dry,Darkness - lights lit,Normal,Rollover,3,1,Going straight,Driver or rider,Female,Under 18,3,Self-employed,Normal,Not a Pedestrian,Driving carelessly,Slight Injury
0:26:00,Thursday,Unknown,Female,Junior high school,Employee,5-10yr,Unknown,Owner,Unknown,Unknown,Office areas,Two-way (divided with broken lines road marking),Tangent road with flat terrain,No junction,Asphalt roads,Dry,Darkness - lights lit,Normal,Collision with pedestrians,3,1,U-Turn,Pedestrian,Male,18-30,3,Driver,Normal,Not a Pedestrian,Changing lane to the right,Slight Injury
0:26:00,Thursday,Unknown,Female,Illiterate,Employee,unknown,Automobile,Unknown,Unknown,Unknown, Church areas,Unknown,Tangent road with flat terrain,No junction,Asphalt roads,Dry,Darkness - lights lit,Normal,Vehicle with vehicle collision,3,1,Going straight,Unknown,Unknown,Unknown,Unknown,Employee,Normal,Not a Pedestrian,Overtaking,Slight Injury
11:20:00,Wednesday,31-50,Male,Junior high school,Employee,5-10yr,Public (13?45 seats),Owner,Unknown,Unknown,Office areas,other,Tangent road with flat terrain,Crossing,Asphalt roads,Dry,Daylight,Normal,Vehicle with vehicle collision,2,1,Going straight,Unknown,Unknown,Unknown,Unknown,Other,Normal,Not a Pedestrian,Other,Slight Injury
11:20:00,Wednesday,18-30,Male,Junior high school,Employee,1-2yr,Public (12 seats),Owner,Unknown,Unknown,Residential areas,other,Tangent road with flat terrain,Crossing,Asphalt roads,Dry,Daylight,Normal,Vehicle with vehicle collision,2,1,U-Turn,Driver or rider,Male,Over 51,3,Driver,Normal,Not a Pedestrian,Driving to the left,Slight Injury
20:37:00,Tuesday,Unknown,Male,Junior high school,Employee,2-5yr,Other,Owner,Unknown,No defect,  Recreational areas,Two-way (divided with broken lines road marking),Tangent road with flat terrain,No junction,Asphalt roads,Dry,Darkness - lights lit,Normal,Collision with pedestrians,2,1,Stopping,Unknown,Unknown,Unknown,Unknown,Driver,Normal,Not a Pedestrian,Driving at high speed,Slight Injury
20:37:00,Tuesday,Unknown,Male,Junior high school,Employee,Above 10yr,Automobile,Governmental,5-10yrs,Unknown,Other,other,Tangent road with flat terrain,No junction,Asphalt roads,Dry,Darkness - lights lit,Normal,Collision with pedestrians,2,1,Going straight,Driver or rider,Male,31-50,3,Driver,Normal,Not a Pedestrian,Unknown,Slight Injury
17:00:00,Tuesday,31-50,Male,Junior high school,Owner,5-10yr,Automobile,Owner,Unknown,No defect, Church areas,Undivided Two way,Tangent road with flat terrain,Y Shape,Asphalt roads,Dry,Daylight,Normal,Vehicle with vehicle collision,2,1,Moving Backward,Unknown,Unknown,Unknown,Unknown,Unknown,Normal,Not a Pedestrian,Changing lane to the right,Slight Injury
17:00:00,Tuesday,Unknown,Male,High school,Employee,1-2yr,Public (13?45 seats),Owner,Unknown,No defect,Other,One way,Tangent road with flat terrain,Y Shape,Asphalt roads,Dry,Daylight,Normal,Vehicle with vehicle collision,2,1,Getting off,Driver or rider,Male,Under 18,3,Employee,Normal,Not a Pedestrian,No distancing,Slight Injury
22:45:00,Sunday,Unknown,Male,Junior high school,Employee,Above 10yr,Public (13?45 seats),Owner,Above 10yr,No defect,Other,Two-way (divided with broken lines road marking),Tangent road with flat terrain,No junction,Asphalt roads,Dry,Darkness - lights lit,Normal,Vehicle with vehicle collision,1,1,Going straight,Unknown,Unknown,Unknown,Unknown,Unknown,Normal,Not a Pedestrian,Other,Slight Injury
18:15:00,Wednesday,Unknown,Male,Junior high school,Employee,1-2yr,Automobile,Owner,5-10yrs,Unknown, Church areas,Undivided Two way,Tangent road with flat terrain,Crossing,Asphalt roads,Dry,Darkness - lights lit,Normal,Collision with roadside objects,1,1,Going straight,Driver or rider,Male,Over 51,3,Unknown,Normal,Not a Pedestrian,No priority to vehicle,Slight Injury
12:33:00,Tuesday,31-50,Male,Junior high school,Employee,2-5yr,Other,Owner,Unknown,Unknown,Office areas,Two-way (divided with broken lines road marking),Tangent road with mild grade and flat terrain,Y Shape,Asphalt roads,Dry,Daylight,Normal,Vehicle with vehicle collision,1,1,Turnover,Unknown,Unknown,Unknown,Unknown,Unknown,Normal,Not a Pedestrian,Changing lane to the left,Slight Injury
8:30:00,Thursday,Under 18,Male,Junior high school,Employee,Above 10yr,Pick up upto 10Q,Owner,Unknown,Unknown,Office areas,Double carriageway (median),Tangent road with flat terrain,No junction,Asphalt roads,Dry,Daylight,Normal,Collision with roadside objects,1,2,Moving Backward,Driver or rider,Male,18-30,3,Unknown,Unknown,Not a Pedestrian,No priority to pedestrian,Slight Injury
8:30:00,Thursday,Under 18,Male,Junior high school,Employee,2-5yr,Lorry (41-100Q),Organization,5-10yrs,No defect, Church areas,Two-way (divided with broken lines road marking),Tangent road with flat terrain,No junction,Asphalt roads,Dry,Daylight,Normal,Vehicle with vehicle collision,1,2,Going straight,Unknown,Unknown,Unknown,Unknown,Driver,Normal,Not a Pedestrian,Overtaking,Slight Injury
10:37:00,Thursday,31-50,Male,Elementary school,Employee,5-10yr,Automobile,Organization,2-5yrs,No defect,Other,Undivided Two way,Tangent road with mountainous terrain and,Crossing,Earth roads,Dry,Daylight,Normal,Vehicle with vehicle collision,1,1,Moving Backward,Driver or rider,Male,18-30,3,Self-employed,Normal,Not a Pedestrian,Driving carelessly,Slight Injury
14:20:00,Thursday,18-30,Male,Unknown,Unknown,Unknown,Automobile,Owner,Unknown,No defect,Other,Undivided Two way,Tangent road with flat terrain,Y Shape,Asphalt roads,Dry,Daylight,Normal,Collision with roadside objects,1,1,Going straight,Unknown,Unknown,Unknown,Unknown,Unknown,Unknown,Not a Pedestrian,No priority to vehicle,Slight Injury
16:55:00,Thursday,31-50,Male,Elementary school,Employee,1-2yr,Lorry (41-100Q),Owner,Unknown,No defect, Church areas,Undivided Two way,Tangent road with flat terrain,Y Shape,Asphalt roads,Dry,Daylight,Normal,Vehicle with vehicle collision,1,1,Unknown,Driver or rider,Male,18-30,3,Driver,Normal,Not a Pedestrian,No priority to pedestrian,Slight Injury