Time,Day_of_week,Age_band_of_driver,Sex_of_driver,Educational_level,Vehicle_driver_relation,Driving_experience,Type_of_vehicle,Owner_of_vehicle,Service_year_of_vehicle,Defect_of_vehicle,Area_accident_occured,Lanes_or_Medians,Road_allignment,Types_of_Junction,Road_surface_type,Road_surface_conditions,Light_conditions,Weather_conditions,Type_of_collision,Number_of_vehicles_involved,Number_of_casualties,Vehicle_movement,Casualty_class,Sex_of_casualty,Age_band_of_casualty,Casualty_severity,Work_of_casuality,Fitness_of_casuality,Pedestrian_movement,Cause_of_accident,Accident_severity
15:55:00,Thursday,31-50,Male,Junior high school,Owner,2-5yr,Unknown,Owner,2-5yrs,Unknown, Industrial areas,One way,Unknown,Unknown,Asphalt roads,Dry,Daylight,Normal,Vehicle with vehicle collision,1,1,Other,Unknown,Unknown,Unknown,Unknown,Unknown,Unknown,Not a Pedestrian,Getting off the vehicle improperly,Serious Injury
10:47:00,Thursday,31-50,Male,Junior high school,Employee,5-10yr,Public (> 45 seats),Owner,Unknown,No defect,Other,One way,Tangent road with flat terrain,Unknown,Asphalt roads,Dry,Daylight,Normal,Collision with pedestrians,3,1,Other,Driver or rider,Male,31-50,3,Unknown,Unknown,Not a Pedestrian,Overtaking,Slight Injury
10:47:00,Thursday,31-50,Male,Junior high school,Employee,2-5yr,Unknown,Owner,Unknown,No defect,Office areas,Double carriageway (median),Tangent road with flat terrain,Unknown,Asphalt roads,Dry,Daylight,Normal,Collision with pedestrians,3,1,Stopping,Unknown,Unknown,Unknown,Unknown,Unknown,Normal,Not a Pedestrian,Changing lane to the left,Slight Injury
15:00:00,Thursday,18-30,Male,Junior high school,Employee,1-2yr,Public (12 seats),Governmental,Unknown,Unknown,Office areas,Two-way (divided with broken lines road marking),Tangent road with flat terrain,Unknown,Asphalt roads,Dry,Daylight,Normal,Vehicle with vehicle collision,3,1,Other,Unknown,Unknown,Unknown,Unknown,Driver,Normal,Not a Pedestrian,Driving under the influence of drugs,Slight Injury
15:00:00,Thursday,18-30,Male,Junior high school,Employee,5-10yr,Public (12 seats),Governmental,Unknown,No defect,Unknown,Double carriageway (median),Tangent road with flat terrain,Unknown,Asphalt roads,Wet or damp,Daylight,Raining,Vehicle with vehicle collision,2,2,Other,Driver or rider,Male,18-30,3,Driver,Normal,Not a Pedestrian,Driving carelessly,Slight Injury
18:40:00,Thursday,18-30,Male,Junior high school,Employee,2-5yr,Automobile,Owner,Unknown,Unknown,Other,Unknown,Tangent road with flat terrain,Unknown,Asphalt roads,Wet or damp,Daylight,Raining,Vehicle with vehicle collision,2,2,Other,Driver or rider,Female,Over 51,3,Driver,Normal,Not a Pedestrian,Moving Backward,Slight Injury
3:55:00,Monday,18-30,Male,Elementary school,Employee,5-10yr,Unknown,Owner,Unknown,Unknown,Office areas,Double carriageway (median),Tangent road with flat terrain,Unknown,Asphalt roads,Dry,Daylight,Normal,Vehicle with vehicle collision,2,1,Going straight,Unknown,Unknown,Unknown,Unknown,Driver,Normal,Not a Pedestrian,No distancing,Slight Injury
3:55:00,Monday,18-30,Male,Above high school,Owner,5-10yr,Automobile,Owner,Unknown,No defect,Office areas,Two-way (divided with broken lines road marking),Tangent road with flat terrain,Unknown,Asphalt roads with some distress,Dry,Daylight,Normal,Vehicle with vehicle collision,2,1,Going straight,Passenger,Female,18-30,2,Driver,Normal,Not a Pedestrian,No priority to vehicle,Slight Injury
3:55:00,Monday,18-30,Male,Junior high school,Employee,2-5yr,Lorry (41-100Q),Owner,5-10yrs,Unknown,Office areas,Undivided Two way,Tangent road with flat terrain,Unknown,Asphalt roads,Dry,Daylight,Normal,Collision with roadside objects,3,1,Going straight,Unknown,Unknown,Unknown,Unknown,Driver,Normal,Not a Pedestrian,Overturning,Slight Injury
17:45:00,Sunday,31-50,Male,Junior high school,Employee,2-5yr,Public (12 seats),Owner,Unknown,Unknown,Other,Undivided Two way,Tangent road with flat terrain,Unknown,Asphalt roads,Dry,Daylight,Normal,Vehicle with vehicle collision,3,1,Going straight,Passenger,Male,Over 51,3,Employee,Normal,Not a Pedestrian,Changing lane to the left,Slight Injury
17:45:00,Sunday,18-30,Male,Junior high school,Employee,2-5yr,Lorry (11?40Q),Owner,Unknown,No defect,Other,Undivided Two way,Tangent road with flat terrain,Unknown,Asphalt roads,Dry,Daylight,Normal,Vehicle with vehicle collision,3,1,Going straight,Unknown,Unknown,Unknown,Unknown,Unknown,Normal,Not a Pedestrian,No distancing,Slight Injury
17:45:00,Sunday,18-30,Male,Junior high school,Employee,5-10yr,Automobile,Owner,Unknown,No defect,  Recreational areas,Undivided Two way,Tangent road with flat terrain,Unknown,Asphalt roads,Dry,Daylight,Normal,Vehicle with vehicle collision,1,1,Going straight,Driver or rider,Male,18-30,3,Driver,Normal,Not a Pedestrian,Moving Backward,Slight Injury
17:45:00,Sunday,18-30,Male,Junior high school,Employee,1-2yr,Automobile,Owner,Unknown,No defect, Church areas,Undivided Two way,Tangent road with flat terrain,Unknown,Asphalt roads,Dry,Darkness - lights lit,Normal,Vehicle with vehicle collision,4,1,Going straight,Unknown,Unknown,Unknown,Unknown,Unknown,Unknown,Not a Pedestrian,No priority to vehicle,Slight Injury
19:10:00,Friday,31-50,Male,Junior high school,Owner,2-5yr,Automobile,Other,1-2yr,No defect,  Recreational areas,other,Tangent road with flat terrain,Unknown,Asphalt roads,Dry,Darkness - lights lit,Normal,Vehicle with vehicle collision,4,1,Going straight,Driver or rider,Male,18-30,3,Self-employed,Normal,Not a Pedestrian,No priority to vehicle,Slight Injury
10:13:00,Thursday,31-50,Male,High school,Owner,2-5yr,Bajaj,Owner,5-10yrs,No defect,School areas,other,Tangent road with flat terrain,Unknown,Asphalt roads,Dry,Darkness - lights lit,Normal,Vehicle with vehicle collision,4,1,Going straight,Unknown,Unknown,Unknown,Unknown,Unknown,Unknown,Not a Pedestrian,No distancing,Slight Injury
10:13:00,Thursday,Over 51,Male,Unknown,Employee,Unknown,Public (12 seats),Owner,Unknown,No defect, Church areas,Double carriageway (median),Tangent road with flat terrain,Unknown,Asphalt roads,Dry,Darkness - lights lit,Normal,Vehicle with vehicle collision,4,1,Going straight,Driver or rider,Male,18-30,3,Self-employed,Normal,Not a Pedestrian,No distancing,Slight Injury
9:48:00,Friday,Under 18,Male,Junior high school,Owner,1-2yr,Lorry (11?40Q),Owner,5-10yrs,Unknown,Office areas,Unknown,Tangent road with flat terrain,Unknown,Asphalt roads,Dry,Daylight,Normal,Vehicle with vehicle collision,3,3,Going straight,Driver or rider,Male,31-50,3,Unknown,Unknown,Not a Pedestrian,Overtaking,Slight Injury
9:48:00,Friday,18-30,Male,Junior high school,Unknown,Below 1yr,Unknown,Owner,2-5yrs,Unknown,Residential areas,One way,Steep grade downward with mountainous terrain,Unknown,Asphalt roads,Dry,Daylight,Normal,Vehicle with vehicle collision,3,3,Reversing,Unknown,Unknown,Unknown,Unknown,Self-employed,Normal,Not a Pedestrian,Driving under the influence of drugs,Slight Injury
16:20:00,Monday,18-30,Male,High school,Employee,1-2yr,Unknown,Owner,Unknown,No defect,Other,One way,Tangent road with flat terrain,Unknown,Asphalt roads,Dry,Daylight,Normal,Vehicle with vehicle collision,3,3,Going straight,Unknown,Unknown,Unknown,Unknown,Unknown,Unknown,Not a Pedestrian,Changing lane to the right,Slight Injury
16:20:00,Monday,18-30,Male,Above high school,Employee,1-2yr,Automobile,Owner,Unknown,No defect,Other,Undivided Two way,Tangent road with flat terrain,Unknown,Asphalt roads,Dry,Daylight,Normal,Vehicle with vehicle collision,2,1,Other,Driver or rider,Male,31-50,3,Unknown,Unknown,Not a Pedestrian,Changing lane to the left,Slight Injury
19:40:00,Thursday,18-30,Male,Junior high school,Employee,Above 10yr,Lorry (11?40Q),Governmental,1-2yr,No defect, Industrial areas,One way,Tangent road with flat terrain,Unknown,Asphalt roads,Dry,Daylight,Normal,Vehicle with vehicle collision,2,1,Unknown,Driver or rider,Female,31-50,3,Self-employed,Normal,Not a Pedestrian,Driving carelessly,Slight Injury
16:53:00,Wednesday,18-30,Male,High school,Employee,1-2yr,Lorry (41-100Q),Governmental,1-2yr,No defect, Church areas,other,Steep grade downward with mountainous terrain,Unknown,Asphalt roads,Dry,Daylight,Normal,Vehicle with vehicle collision,2,1,Getting off,Unknown,Unknown,Unknown,Unknown,Employee,Normal,Not a Pedestrian,Moving Backward,Slight Injury
12:55:00,Wednesday,31-50,Male,Junior high school,Employee,2-5yr,Pick up upto 10Q,Organization,1-2yr,No defect,Office areas,other,Tangent road with flat terrain,Unknown,Asphalt roads,Dry,Daylight,Normal,Vehicle with vehicle collision,2,1,Going straight,Unknown,Unknown,Unknown,Unknown,Other,Normal,Not a Pedestrian,Moving Backward,Slight Injury
19:32:00,Friday,31-50,Male,Above high school,Other,2-5yr,Lorry (11?40Q),Owner,Unknown,No defect,Office areas,Undivided Two way,Tangent road with flat terrain,Unknown,Asphalt roads,Dry,Daylight,Normal,Vehicle with vehicle collision,2,1,Going straight,Driver or rider,Male,31-50,3,Employee,Normal,Not a Pedestrian,Changing lane to the right,Slight Injury
19:32:00,Friday,18-30,Male,High school,Employee,Above 10yr,Stationwagen,Owner,Unknown,Unknown,Office areas,Double carriageway (median),Tangent road with flat terrain,Unknown,Asphalt roads,Dry,Daylight,Normal,Collision with roadside objects,2,1,Going straight,Pedestrian,Female,18-30,3,Unknown,Unknown,Not a Pedestrian,No priority to vehicle,Slight Injury
17:35:00,Saturday,18-30,Male,Elementary school,Employee,5-10yr,Other,Owner,2-5yrs,Unknown,Other,Two-way (divided with broken lines road marking),Tangent road with flat terrain,Unknown,Asphalt roads,Dry,Daylight,Normal,Vehicle with vehicle collision,2,1,Going straight,Pedestrian,Male,18-30,2,Employee,Normal,Not a Pedestrian,Driving at high speed,Slight Injury
17:35:00,Saturday,Over 51,Male,High school,Employee,1-2yr,Other,Owner,Unknown,Unknown,Office areas,Undivided Two way,Tangent road with flat terrain,Unknown,Asphalt roads,Dry,Daylight,Normal,Vehicle with vehicle collision,2,1,Turnover,Pedestrian,Female,Over 51,2,Unknown,Unknown,Not a Pedestrian,Driving under the influence of drugs,Slight Injury
17:35:00,Saturday,Over 51,Male,High school,Employee,5-10yr,Lorry (11?40Q),Owner,Unknown,No defect,Other,Double carriageway (median),Tangent road with flat terrain,Unknown,Gravel roads,Dry,Daylight,Normal,Vehicle with vehicle collision,1,1,Entering a junction,Pedestrian,Female,31-50,3,Employee,Normal,Crossing from nearside - masked by parked or statioNot a Pedestrianry vehicle,Changing lane to the right,Serious Injury
18:40:00,Tuesday,18-30,Male,High school,Employee,2-5yr,Unknown,Owner,Above 10yr,No defect, Industrial areas,Two-way (divided with broken lines road marking),Tangent road with flat terrain,Unknown,Asphalt roads,Dry,Daylight,Normal,Vehicle with vehicle collision,2,1,Entering a junction,Unknown,Unknown,Unknown,Unknown,Employee,Normal,Not a Pedestrian,Driving carelessly,Slight Injury
18:40:00,Tuesday,18-30,Male,Junior high school,Employee,1-2yr,Automobile,Owner,Unknown,No defect,Residential areas,other,Tangent road with flat terrain,Unknown,Asphalt roads,Dry,Daylight,Normal,Collision with pedestrians,2,1,Entering a junction,Driver or rider,Male,31-50,3,Employee,Normal,Not a Pedestrian,No distancing,Slight Injury
15:47:00,Thursday,31-50,Male,Above high school,Employee,Above 10yr,Lorry (41-100Q),Owner,Unknown,No defect,Other,Two-way (divided with broken lines road marking),Tangent road with flat terrain,Unknown,Asphalt roads,Dry,Daylight,Normal,Vehicle with vehicle collision,3,1,Entering a junction,Driver or rider,Male,31-50,3,Driver,Normal,Not a Pedestrian,Changing lane to the left,Slight Injury
14:57:00,Sunday,Under 18,Male,Above high school,Employee,2-5yr,Other,Owner,5-10yrs,Unknown,Other,One way,Tangent road with flat terrain,Unknown,Asphalt roads,Dry,Daylight,Normal,Vehicle with vehicle collision,3,1,Other,Unknown,Unknown,Unknown,Unknown,Driver,Normal,Not a Pedestrian,No distancing,Slight Injury
17:25:00,Friday,31-50,Male,Elementary school,Employee,5-10yr,Lorry (41-100Q),Owner,1-2yr,No defect,Other,One way,Tangent road with flat terrain,Unknown,Asphalt roads,Dry,Daylight,Normal,Vehicle with vehicle collision,3,1,Entering a junction,Driver or rider,Female,18-30,3,Student,Normal,Not a Pedestrian,No distancing,Slight Injury
17:25:00,Friday,31-50,Male,Elementary school,Employee,1-2yr,Automobile,Owner,Unknown,Unknown,Other,Undivided Two way,Tangent road with flat terrain,Unknown,Asphalt roads,Dry,Daylight,Normal,Vehicle with vehicle collision,1,1,Turnover,Unknown,Unknown,Unknown,Unknown,Driver,Normal,Not a Pedestrian,Getting off the vehicle improperly,Slight Injury
17:25:00,Friday,31-50,Male,Junior high school,Employee,Unknown,Pick up upto 10Q,Unknown,Unknown,Unknown,Other,Two-way (divided with broken lines road marking),Tangent road with flat terrain,Unknown,Asphalt roads,Dry,Daylight,Normal,Vehicle with vehicle collision,2,1,Entering a junction,Unknown,Unknown,Unknown,Unknown,Self-employed,Normal,Not a Pedestrian,Overtaking,Slight Injury
17:22:00,Sunday,Over 51,Male,Unknown,Unknown,Unknown,Lorry (41-100Q),Governmental,Below 1yr,No defect,Residential areas,other,Steep grade downward with mountainous terrain,Unknown,Asphalt roads,Dry,Daylight,Normal,Vehicle with vehicle collision,2,1,Entering a junction,Driver or rider,Male,18-30,3,Unknown,Unknown,Not a Pedestrian,Driving carelessly,Slight Injury
17:22:00,Sunday,Under 18,Male,Elementary school,Employee,5-10yr,Public (13?45 seats),Owner,Unknown,No defect,Office areas,Two-way (divided with broken lines road marking),Tangent road with flat terrain,Unknown,Asphalt roads,Dry,Daylight,Normal,Vehicle with vehicle collision,1,2,Entering a junction,Pedestrian,Female,18-30,3,Unknown,Unknown,Unknown or other,Driving under the influence of drugs,Serious Injury
16:05:00,Monday,18-30,Male,Junior high school,Employee,2-5yr,Long lorry,Owner,Unknown,Unknown,Office areas,Two-way (divided with broken lines road marking),Tangent road with flat terrain,Unknown,Asphalt roads,Dry,Daylight,Normal,Vehicle with vehicle collision,1,2,Entering a junction,Unknown,Unknown,Unknown,Unknown,Driver,Normal,Not a Pedestrian,Moving Backward,Serious Injury
16:05:00,Monday,31-50,Male,Junior high school,Employee,5-10yr,Automobile,Owner,Unknown,No defect,Other,Two-way (divided with broken lines road marking),Tangent road with flat terrain,Unknown,Asphalt roads,Dry,Daylight,Normal,Collision with pedestrians,3,1,Entering a junction,Driver or rider,Male,31-50,3,Driver,Normal,Not a Pedestrian,Overturning,Slight Injury
16:05:00,Monday,18-30,Male,High school,Employee,2-5yr,Automobile,Owner,Above 10yr,No defect,Other,One way,Tangent road with flat terrain,Unknown,Asphalt roads,Dry,Daylight,Normal,Vehicle with vehicle collision,3,1,Other,Unknown,Unknown,Unknown,Unknown,Driver,Normal,Not a Pedestrian,Driving under the influence of drugs,Slight Injury
9:00:00,Thursday,18-30,Male,Junior high school,Employee,1-2yr,Other,Owner,Unknown,No defect,Office areas,Two-way (divided with broken lines road marking),Tangent road with flat terrain,Unknown,Asphalt roads,Dry,Daylight,Normal,Vehicle with vehicle collision,3,1,Going straight,Pedestrian,Male,31-50,3,Driver,Normal,Not a Pedestrian,Changing lane to the right,Slight Injury
9:00:00,Thursday,18-30,Male,Junior high school,Employee,1-2yr,Unknown,Owner,2-5yrs,Unknown,Office areas,Undivided Two way,Tangent road with flat terrain,Unknown,Asphalt roads,Dry,Daylight,Normal,Vehicle with vehicle collision,2,1,Going straight,Driver or rider,Male,18-30,3,Unknown,Unknown,Not a Pedestrian,Changing lane to the left,Slight Injury
8:55:00,Saturday,18-30,Male,Junior high school,Employee,5-10yr,Long lorry,Owner,Unknown,No defect,Other,Two-way (divided with broken lines road marking),Tangent road with flat terrain,Unknown,Gravel roads,Dry,Daylight,Normal,Vehicle with vehicle collision,2,1,Other,Unknown,Unknown,Unknown,Unknown,Driver,Normal,Not a Pedestrian,No distancing,Slight Injury
10:44:00,Friday,31-50,Male,Illiterate,Employee,unknown,Public (12 seats),Owner,Unknown,No defect,Other,Two-way (divided with broken lines road marking),Tangent road with flat terrain,Unknown,Asphalt roads,Dry,Daylight,Normal,Collision with roadside objects,2,1,Going straight,Driver or rider,Male,18-30,3,Self-employed,Normal,Not a Pedestrian,No distancing,Slight Injury
16:18:00,Wednesday,18-30,Male,Junior high school,Employee,5-10yr,Public (12 seats),Governmental,Unknown,Unknown,Residential areas,Two-way (divided with broken lines road marking),Tangent road with flat terrain,Unknown,Asphalt roads,Dry,Daylight,Normal,Vehicle with vehicle collision,2,1,Going straight,Unknown,Unknown,Unknown,Unknown,Self-employed,Normal,Not a Pedestrian,No priority to vehicle,Slight Injury
17:21:00,Thursday,18-30,Male,Junior high school,Employee,1-2yr,Other,Owner,1-2yr,No defect,Other,Undivided Two way,Tangent road with flat terrain,Unknown,Asphalt roads,Dry,Daylight,Normal,Vehicle with vehicle collision,3,1,Going straight,Driver or rider,Male,5,3,Self-employed,Normal,Not a Pedestrian,Moving Backward,Slight Injury
17:21:00,Thursday,31-50,Male,Junior high school,Employee,2-5yr,Other,Owner,Unknown,No defect,Office areas,Undivided Two way,Tangent road with flat terrain,Unknown,Asphalt roads,Dry,Daylight,Normal,Vehicle with vehicle collision,3,1,Going straight,Driver or rider,Male,18-30,3,Driver,Normal,Not a Pedestrian,Moving Backward,Slight Injury
17:21:00,Thursday,31-50,Male,Junior high school,Employee,Above 10yr,Other,Owner,2-5yrs,No defect,Office areas,Undivided Two way,Tangent road with flat terrain,Unknown,Earth roads,Dry,Daylight,Normal,Vehicle with vehicle collision,3,1,Going straight,Unknown,Unknown,Unknown,Unknown,Other,Normal,Not a Pedestrian,Getting off the vehicle improperly,Slight Injury
17:21:00,Thursday,31-50,Unknown,Junior high school,Owner,5-10yr,Public (12 seats),Unknown,Unknown,Unknown,Other,Undivided Two way,Tangent road with flat terrain,Unknown,Asphalt roads,Dry,Daylight,Normal,Vehicle with vehicle collision,2,1,Reversing,Pedestrian,Female,18-30,2,Unknown,Unknown,Not a Pedestrian,Changing lane to the left,Slight Injury
15:40:00,Monday,18-30,Male,High school,Employee,1-2yr,Lorry (41-100Q),Owner,Unknown,Unknown,Other,Unknown,Tangent road with flat terrain,Unknown,Asphalt roads,Dry,Daylight,Normal,Vehicle with vehicle collision,2,1,Moving Backward,Unknown,Unknown,Unknown,Unknown,Self-employed,Normal,Not a Pedestrian,Changing lane to the left,Slight Injury
15:40:00,Monday,18-30,Male,Junior high school,Employee,Above 10yr,Other,Owner,Above 10yr,Unknown,Other,Undivided Two way,Tangent road with flat terrain,Unknown,Unknown,Dry,Darkness - lights lit,Normal,Vehicle with vehicle collision,1,2,Overtaking,Driver or rider,Male,18-30,3,Other,Normal,Not a Pedestrian,No priority to vehicle,Serious Injury
15:40:00,Monday,18-30,Male,Junior high school,Employee,1-2yr,Public (12 seats),Owner,Unknown,No defect,Office areas,Unknown,Tangent road with flat terrain,Unknown,Gravel roads,Dry,Darkness - lights lit,Normal,Collision with roadside objects,1,2,Going straight,Pedestrian,Female,18-30,3,Unknown,Unknown,Crossing from nearside - masked by parked or statioNot a Pedestrianry vehicle,Changing lane to the right,Serious Injury
15:40:00,Monday,31-50,Male,Junior high school,Employee,2-5yr,Other,Owner,Above 10yr,No defect,Office areas,Two-way (divided with broken lines road marking),Tangent road with flat terrain,Unknown,Asphalt roads,Dry,Daylight,Normal,Vehicle with vehicle collision,3,1,Going straight,Pedestrian,Female,18-30,3,Unknown,Unknown,Not a Pedestrian,Changing lane to the right,Slight Injury
16:46:00,Thursday,18-30,Male,Junior high school,Employee,Above 10yr,Lorry (11?40Q),Owner,Unknown,No defect,Other,Two-way (divided with broken lines road marking),Steep grade downward with mountainous terrain,Unknown,Unknown,Dry,Daylight,Normal,Vehicle with vehicle collision,3,1,Going straight,Unknown,Unknown,Unknown,Unknown,Driver,Normal,Not a Pedestrian,Driving carelessly,Slight Injury
16:46:00,Thursday,Over 51,Male,Junior high school,Employee,2-5yr,Other,Owner,Above 10yr,No defect, Church areas,other,Tangent road with flat terrain,Unknown,Asphalt roads,Dry,Daylight,Normal,Vehicle with vehicle collision,3,1,Reversing,Driver or rider,Male,18-30,3,Unknown,Unknown,Not a Pedestrian,Changing lane to the left,Slight Injury
16:46:00,Thursday,31-50,Male,Elementary school,Employee,5-10yr,Other,Governmental,Unknown,No defect, Industrial areas,Undivided Two way,Tangent road with flat terrain,Unknown,Earth roads,Dry,Darkness - lights lit,Normal,Vehicle with vehicle collision,2,2,Going straight,Driver or rider,Male,18-30,3,Driver,Normal,Not a Pedestrian,Changing lane to the right,Slight Injury
17:45:00,Sunday,18-30,Male,Unknown,Unknown,Unknown,Other,Organization,2-5yrs,Unknown,Other,Undivided Two way,Tangent road with flat terrain,Unknown,Asphalt roads,Dry,Darkness - lights lit,Normal,Rollover,2,2,Going straight,Unknown,Unknown,Unknown,Unknown,Driver,Normal,Not a Pedestrian,Driving under the influence of drugs,Slight Injury
17:45:00,Sunday,31-50,Male,Elementary school,Employee,1-2yr,Pick up upto 10Q,Owner,5-10yrs,No defect,Other,Two-way (divided with broken lines road marking),Tangent road with flat terrain,Unknown,Asphalt roads,Dry,Daylight,Normal,Vehicle with vehicle collision,1,2,Other,Driver or rider,Male,31-50,3,Driver,Normal,Not a Pedestrian,Driving carelessly,Serious Injury
11:45:00,Saturday,Unknown,Male,Elementary school,Employee,5-10yr,Automobile,Owner,1-2yr,Unknown,Office areas,Undivided Two way,Tangent road with mountainous terrain and,Unknown,Asphalt roads,Dry,Daylight,Normal,Vehicle with vehicle collision,1,2,Entering a junction,Unknown,Unknown,Unknown,Unknown,Driver,Normal,Not a Pedestrian,No distancing,Serious Injury
11:45:00,Saturday,Over 51,Male,Elementary school,Employee,5-10yr,Other,Owner,Unknown,No defect,Other,One way,Tangent road with flat terrain,Unknown,Asphalt roads,Dry,Daylight,Normal,Collision with roadside objects,2,1,Turnover,Unknown,Unknown,Unknown,Unknown,Self-employed,Normal,Not a Pedestrian,No priority to vehicle,Slight Injury
11:45:00,Saturday,31-50,Male,Junior high school,Employee,1-2yr,Lorry (41-100Q),Owner,Unknown,No defect,  Recreational areas,Undivided Two way,Steep grade downward with mountainous terrain,Unknown,Asphalt roads,Dry,Daylight,Normal,Vehicle with vehicle collision,2,1,Going straight,Driver or rider,Male,18-30,3,Self-employed,Normal,Not a Pedestrian,No priority to vehicle,Slight Injury
11:45:00,Saturday,31-50,Male,Junior high school,Employee,5-10yr,Public (13?45 seats),Governmental,Unknown,No defect,Other,Two-way (divided with broken lines road marking),Steep grade downward with mountainous terrain,Unknown,Earth roads,Dry,Darkness - lights lit,Normal,Vehicle with vehicle collision,1,1,Going straight,Driver or rider,Male,31-50,3,Driver,Normal,Not a Pedestrian,No priority to vehicle,Fatal injury
12:00:00,Saturday,Over 51,Male,Junior high school,Employee,5-10yr,Automobile,Governmental,5-10yrs,No defect, Church areas,Two-way (divided with broken lines road marking),Tangent road with flat terrain,Unknown,Asphalt roads,Dry,Daylight,Normal,Vehicle with vehicle collision,1,1,Going straight,Driver or rider,Female,18-30,3,Driver,Normal,Not a Pedestrian,Changing lane to the left,Slight Injury
12:00:00,Saturday,Over 51,Male,Junior high school,Employee,2-5yr,Pick up upto 10Q,Owner,Unknown,Unknown,Residential areas,Undivided Two way,Tangent road with flat terrain,Unknown,Asphalt roads,Dry,Daylight,Normal,Collision with roadside objects,2,2,Going straight,Driver or rider,Male,Under 18,3,Unknown,Unknown,Not a Pedestrian,Moving Backward,Slight Injury
12:00:00,Saturday,18-30,Male,Junior high school,Employee,1-2yr,Lorry (41-100Q),Owner,5-10yrs,No defect,Office areas,Two-way (divided with broken lines road marking),Unknown,Unknown,Asphalt roads,Dry,Daylight,Normal,Collision with roadside objects,2,2,Going straight,Driver or rider,Female,18-30,3,Driver,Normal,Not a Pedestrian,Driving carelessly,Slight Injury
12:00:00,Saturday,18-30,Male,Junior high school,Employee,5-10yr,Public (12 seats),Owner,2-5yrs,No defect,Other,Two-way (divided with broken lines road marking),Tangent road with flat terrain,Unknown,Asphalt roads,Dry,Daylight,Normal,Vehicle with vehicle collision,2,1,Going straight,Unknown,Unknown,Unknown,Unknown,Driver,Normal,Not a Pedestrian,Driving under the influence of drugs,Slight Injury
7:50:00,Friday,31-50,Male,Junior high school,Employee,Below 1yr,Other,Governmental,2-5yrs,Unknown,Office areas,Undivided Two way,Tangent road with flat terrain,Unknown,Asphalt roads,Dry,Daylight,Normal,Vehicle with vehicle collision,2,1,Going straight,Unknown,Unknown,Unknown,Unknown,Driver,Normal,Not a Pedestrian,Changing lane to the right,Slight Injury
7:50:00,Friday,31-50,Male,Junior high school,Employee,5-10yr,Lorry (41-100Q),Owner,Unknown,Unknown,Office areas,other,Tangent road with flat terrain,Unknown,Asphalt roads,Wet or damp,Daylight,Raining,Collision with roadside objects,2,4,Going straight,Driver or rider,Male,Under 18,3,Unknown,Normal,Not a Pedestrian,No priority to vehicle,Fatal injury
19:55:00,Sunday,18-30,Male,Junior high school,Owner,5-10yr,Pick up upto 10Q,Owner,Unknown,No defect,Other,One way,Escarpments,Unknown,Asphalt roads,Wet or damp,Daylight,Raining,Collision with roadside objects,2,4,Getting off,Driver or rider,Male,18-30,3,Unknown,Unknown,Not a Pedestrian,Changing lane to the right,Fatal injury
19:55:00,Sunday,31-50,Male,Unknown,Owner,5-10yr,Other,Owner,Unknown,No defect,Residential areas,Undivided Two way,Tangent road with flat terrain,Unknown,Asphalt roads,Wet or damp,Daylight,Raining,Vehicle with vehicle collision,2,4,Getting off,Unknown,Unknown,Unknown,Unknown,Driver,Normal,Not a Pedestrian,Driving to the left,Fatal injury
20:30:00,Sunday,Over 51,Male,Junior high school,Employee,5-10yr,Lorry (41-100Q),Owner,Unknown,No defect,  Recreational areas,One way,Tangent road with flat terrain,Unknown,Asphalt roads,Wet or damp,Daylight,Raining,Collision with pedestrians,2,4,Getting off,Driver or rider,Male,Over 51,3,Driver,Normal,Not a Pedestrian,Moving Backward,Fatal injury
20:30:00,Sunday,Over 51,Male,High school,Employee,2-5yr,Ridden horse,Owner,Unknown,No defect, Church areas,Undivided Two way,Tangent road with flat terrain,Unknown,Asphalt roads,Dry,Daylight,Normal,Vehicle with vehicle collision,1,1,Moving Backward,Unknown,Unknown,Unknown,Unknown,Self-employed,Normal,Not a Pedestrian,No priority to vehicle,Slight Injury
20:30:00,Sunday,Over 51,Male,Above high school,Employee,5-10yr,Automobile,Owner,Unknown,No defect,Other,One way,Tangent road with flat terrain,Unknown,Asphalt roads,Dry,Daylight,Normal,Vehicle with vehicle collision,1,1,Going straight,Driver or rider,Female,Over 51,3,Driver,Normal,Not a Pedestrian,No distancing,Slight Injury
20:30:00,Sunday,Over 51,Female,Junior high school,Employee,Above 10yr,Automobile,Owner,Unknown,No defect,Other,Undivided Two way,Tangent road with flat terrain,Unknown,Earth roads,Dry,Daylight,Normal,Vehicle with vehicle collision,2,1,Going straight,Unknown,Unknown,Unknown,Unknown,Driver,Normal,Not a Pedestrian,Driving carelessly,Slight Injury
20:30:00,Sunday,Over 51,Male,Junior high school,Employee,Below 1yr,Stationwagen,Owner,Unknown,No defect,Other,Two-way (divided with broken lines road marking),Tangent road with flat terrain,Unknown,Asphalt roads,Wet or damp,Daylight,Raining,Vehicle with vehicle collision,2,1,Waiting to go,Driver or rider,Male,18-30,3,Driver,Normal,Not a Pedestrian,Changing lane to the left,Slight Injury
20:30:00,Sunday,31-50,Male,Elementary school,Employee,5-10yr,Other,Governmental,Unknown,No defect,Residential areas,other,Tangent road with flat terrain,Unknown,Asphalt roads,Wet or damp,Darkness - lights lit,Other,Vehicle with vehicle collision,2,1,Going straight,Unknown,Unknown,Unknown,Unknown,Unknown,Unknown,Not a Pedestrian,No priority to vehicle,Slight Injury